Workbook

Sheet 00_HOME
A1: SAMI-NONAK POLBENG — GOOGLE SHEET SISTEM
A2: Pusat aturan audit: kriteria mutu Permendiktisaintek 39/2025 dan pengendalian proses ISO 9001:2015
A4: KPI SISTEM | B4: Nilai | D4: ARSITEKTUR FINAL
A5: Unit aktif | B5: 24 | D5: 1. Google Sheet Sistem | E5: Konfigurasi, akun, unit, tupoksi, standar, pertanyaan default, workflow, dan template
A6: Fungsi unit | B6: 42 | D6: 2. Folder Tahun Audit | E6: Folder induk untuk seluruh audit pada satu tahun
A7: Klausul ISO proses | B7: 43 | D7: 3. Folder Unit-Tahun | E7: Nama folder: {unit_slug}_{audit_year}
A8: Butir audit default | B8: 250 | D8: 4. Google Sheet Unit-Tahun | E8: Seluruh transaksi auditee dan auditor disimpan pada file {unit_slug}_{audit_year}
A9: File transaksi pusat | B9: 0 | D9: 5. Folder EVIDENCE | E9: Berkas lampiran; metadata dan tautan berada pada tab 03_BUKTI
A10: Dasar mutu aktif | B10: Permendiktisaintek 39/2025 | D10: 6. Folder CETAK | E10: PDF instrumen, berita acara, laporan, temuan, tindak lanjut, dan verifikasi
A11: Pendekatan proses | B11: ISO 9001:2015 + Amd 1:2024 | D11: 7. Registry Sistem | E11: Hanya menyimpan ID, URL, unit, tahun, status, dan versi file audit
A12: PRINSIP RANCANGAN YANG WAJIB DIPERTAHANKAN
A13: A | B13: Sheet Sistem tidak menyimpan jawaban auditee, kertas kerja auditor, bukti, temuan, tindak lanjut, atau verifikasi.
A14: B | B14: Satu unit pada satu tahun audit menggunakan satu Google Sheet transaksi bernama {unit_slug}_{audit_year}.
A15: C | B15: Pertanyaan default berasal dari Sheet Sistem; salinan kerja dan seluruh revisinya berada pada file audit unit-tahun.
A16: D | B16: Instrumen tanpa perubahan auditor langsung diterbitkan; instrumen yang diubah wajib disetujui Verifikator/P4MP.
A17: E | B17: Kriteria audit memuat dua dimensi: regulasi/standar mutu dan klausul ISO untuk pengendalian proses bisnis.
A18: F | B18: Versi cetak disimpan sebagai PDF di folder CETAK dalam folder audit unit-tahun.
A20: Standar internal rancangan | B20: 25
A21: Fungsi unit terpetakan | B21: 42
A22: Butir matriks audit | B22: 250
A23: Status matriks | B23: COMPLETE — 2026-D1

Sheet 31_USER_SESSIONS
A1: session_id | B1: user_id | C1: token_hash | D1: session_status | E1: created_at | F1: expires_at | G1: last_activity_at | H1: revoked_at | I1: _created_at | J1: _created_by | K1: _updated_at | L1: _updated_by | M1: _row_version | N1: _deleted_at | O1: _deleted_by | P1: _spreadsheet_id | Q1: _audit_id
A2: c1b1802e-9c8b-4706-af9d-b8f61514c02c | B2: c73c3a59-8171-440d-b344-a86905adf9ae | C2: 5ec4931eed0d334914cfcaf7c5306bb4e27651ad618d274de8ef96f18560f85d | D2: REVOKED | E2: 46222.356 | F2: 46222.689 | G2: 46222.356 | H2: 46222.357 | I2: 46222.356 | J2: admin | K2: 46222.357 | L2: admin | M2: 4
A3: a4a27afc-b675-4520-b393-460eb9053a12 | B3: c73c3a59-8171-440d-b344-a86905adf9ae | C3: 659d9adb91d48b309534bdcf640889e614c959900d422585815d902ab74feb14 | D3: REVOKED | E3: 46222.357 | F3: 46222.691 | G3: 46222.362 | H3: 46222.365 | I3: 46222.357 | J3: admin | K3: 46222.365 | L3: SYSTEM | M3: 4
A4: f25e1dce-0784-4337-bd81-d6c40005f90f | B4: cfb22fc1-09e4-486e-a3aa-52ff8c9534a5 | C4: ce6ccf25b93e23f0ddeb33983f94b10f80b1213cbc4ae12b2cd9159b7b7c2766 | D4: REVOKED | E4: 46222.365 | F4: 46222.699 | G4: 46222.366 | H4: 46222.368 | I4: 46222.365 | J4: p3m-polbeng | K4: 46222.368 | L4: SYSTEM | M4: 3
A5: 47626f56-ca1d-40e7-b47a-02fccc7f8e40 | B5: 4769c65d-0d21-4afe-b675-847b63df9c64 | C5: f3e484e237c3bf54770183c4ed5bdb17be07d12b65dd1889bfc38bcb1490f5f3 | D5: REVOKED | E5: 46222.369 | F5: 46222.702 | G5: 46222.369 | H5: 46222.37 | I5: 46222.369 | J5: hardi-1234 | K5: 46222.37 | L5: SYSTEM | M5: 4
A6: 57b45546-4f5a-47c4-84cf-69ebc5d5713e | B6: c73c3a59-8171-440d-b344-a86905adf9ae | C6: 164fa8e7fb13b447c0db5926cda085e344d638b662353e861fe2f34f5e57878d | D6: REVOKED | E6: 46222.37 | F6: 46222.704 | G6: 46222.382 | H6: 46222.382 | I6: 46222.37 | J6: admin | K6: 46222.382 | L6: SYSTEM | M6: 6
A7: f2499049-2c9d-430b-9198-5b83ef0e0496 | B7: cfb22fc1-09e4-486e-a3aa-52ff8c9534a5 | C7: ba12eb61606c9d157022e62572dc667ba856dd43db176e61712025c5fd581c61 | D7: ACTIVE | E7: 46222.383 | F7: 46222.716 | G7: 46222.383 | I7: 46222.383 | J7: p3m-polbeng | K7: 46222.383 | L7: p3m-polbeng | M7: 2

Sheet 32_AUDIT_PERIODS
A1: period_id | B1: period_code | C1: period_name | D1: start_date | E1: end_date | F1: status | G1: _created_at | H1: _created_by | I1: _updated_at | J1: _updated_by | K1: _row_version | L1: _deleted_at | M1: _deleted_by | N1: _spreadsheet_id | O1: _audit_id
A2: c5cadec3-070e-469a-919b-6ff404b14afb | B2: PER-2026 | C2: Periode Audit 2026 | D2: 46023 | E2: 46387 | F2: ACTIVE | G2: 46222.353 | H2: SYSTEM | I2: 46222.353 | J2: SYSTEM | K2: 1

Sheet 33_NOTIFICATIONS
A1: notification_id | B1: rule_code | C1: recipient_user_id | D1: recipient_username | E1: subject | F1: message | G1: send_status | H1: scheduled_at | I1: sent_at | J1: _created_at | K1: _created_by | L1: _updated_at | M1: _updated_by | N1: _row_version | O1: _deleted_at | P1: _deleted_by | Q1: _spreadsheet_id | R1: _audit_id
A2: aa6a9c03-c19e-460f-b7b2-e706df59d4af | B2: NTF_AUDIT_PLANNED | C2: 4769c65d-0d21-4afe-b675-847b63df9c64 | D2: hardi-1234 | E2: Program audit AUD-2026-00001 telah dijadwalkan | F2: Audit AMI NA untuk Pusat Penelitian dan Pengabdian kepada Masyarakat dijadwalkan 2026-07-20–2026-07-21. | G2: SENT | H2: 46222.377 | I2: 46222.377 | J2: 46222.377 | K2: admin | L2: 46222.377 | M2: SYSTEM | N2: 2
A3: b1c6d2bb-42d1-4992-9937-fac491b665c1 | B3: NTF_AUDIT_PLANNED | C3: cfb22fc1-09e4-486e-a3aa-52ff8c9534a5 | D3: p3m-polbeng | E3: Program audit AUD-2026-00001 telah dijadwalkan | F3: Audit AMI NA untuk Pusat Penelitian dan Pengabdian kepada Masyarakat dijadwalkan 2026-07-20–2026-07-21. | G3: SENT | H3: 46222.377 | I3: 46222.377 | J3: 46222.377 | K3: admin | L3: 46222.378 | M3: SYSTEM | N3: 2
A4: daf56c56-92fb-4e58-bf3f-60991dc4ae06 | B4: NTF_INSTRUMENT_REVIEW | C4: 4769c65d-0d21-4afe-b675-847b63df9c64 | D4: hardi-1234 | E4: Instrumen menunggu telaah auditor | F4: Periksa seluruh pertanyaan default pada audit AUD-2026-00001. | G4: SENT | H4: 46222.379 | I4: 46222.38 | J4: 46222.379 | K4: admin | L4: 46222.38 | M4: SYSTEM | N4: 2

Sheet 34_SYSTEM_LOG
A1: log_id | B1: event_time | C1: actor_username | D1: action_code | E1: entity_type | F1: entity_id | G1: old_value_json | H1: new_value_json | I1: result | J1: _created_at | K1: _created_by | L1: _updated_at | M1: _updated_by | N1: _row_version | O1: _deleted_at | P1: _deleted_by | Q1: username | R1: role_code
A2: 3fb3e03e-abea-40d4-acf3-a47bf102751b | B2: 46222.353 | C2: SYSTEM | D2: SYSTEM_INITIALIZED | E2: SYSTEM | F2: 1J_32KxE3BsaXJVNxAk54A7XsLVvuV5PcV5UVaYZl68A | H2: {"ok":true,"checks":[{"name":"Google Sheet Sistem","ok":true,"detail":"SAMI-NONAK Polbeng - Google Sheet Sistem"},{"name":"Konfigurasi arsitektur","ok":true,"detail":"per unit dan tahun"},{"name":"Master utama","ok":true,"detail":"lengkap"},{"name":"Matriks audit","ok":true,"detail":"250 pertanyaan"},{"name":"Folder aplikasi","ok":true,"detail":"SAMI-NONAK Polbeng"},{"name":"Akun administrator","ok":true,"detail":"admin"},{"name":"Registry file audit","ok":true,"detail":"0 file terdaftar"},{"name":"Sheet teknis","ok":true,"detail":"lengkap"}],"timestamp":"2026-07-19T08:28:08+07:00","architecture":"PER_UNIT_YEAR_SPREADSHEET","repairs":["Konfigurasi arsitektur per-unit-per-tahun diperbarui"],"repairedAuditFiles":[],"rootFolderUrl":"https://drive.google.com/drive/folders/1bavSo7fYdE8p4rrMnGVAsGYmjLtWHCSs","backupFolderUrl":"https://drive.google.com/drive/folders/1JbEl9cRfltUxJUq13_HpCON4Y7uBZuTB","defaultAdmin":{"username":"admin","password":"Admin123"}} | I2: SUCCESS | J2: 46222.353 | K2: SYSTEM | L2: 46222.353 | M2: SYSTEM | N2: 1 | Q2: SYSTEM
A3: 01dc035a-7294-4c70-9de2-c5881692114e | B3: 46222.355 | C3: admin | D3: API_auth.login | E3: API | H3: {"error":"Username atau password tidak sesuai."} | I3: FAILED | J3: 46222.355 | K3: admin | L3: 46222.355 | M3: admin | N3: 1 | Q3: admin
A4: 8ad8b83a-96d7-4fc2-aa3b-a80f5a7db42b | B4: 46222.356 | C4: admin | D4: LOGIN | E4: USER | F4: c73c3a59-8171-440d-b344-a86905adf9ae | H4: {"username":"admin"} | I4: SUCCESS | J4: 46222.356 | K4: admin | L4: 46222.356 | M4: admin | N4: 1 | Q4: admin
A5: c92a33c5-7a7e-4a79-9926-94bf77df1a5a | B5: 46222.357 | C5: admin | D5: UPDATE | E5: USERS | F5: c73c3a59-8171-440d-b344-a86905adf9ae | G5: {"_sheet_row":3,"user_id":"c73c3a59-8171-440d-b344-a86905adf9ae","username":"admin","password":"[REDACTED]","full_name":"Administrator SAMI-NONAK","unit_id":"UNIT-POLBENG","role_codes":"SUPER_ADMIN","status":"ACTIVE","must_change_password":true,"failed_login_count":0,"locked_until":"","last_login_at":"2026-07-19T08:32:07+07:00","created_at":"2026-07-19T08:27:53+07:00","updated_at":"2026-07-19T08:32:09+07:00","notes":"Akun awal dibuat oleh initSystem()","_created_at":"2026-07-19T08:27:53+07:00","_created_by":"SYSTEM","_updated_at":"2026-07-19T08:32:09+07:00","_updated_by":"admin","_row_version":3,"_deleted_at":"","_deleted_by":"","_spreadsheet_id":"1J_32KxE3BsaXJVNxAk54A7XsLVvuV5PcV5UVaYZl68A","_audit_id":""} | H5: {"_sheet_row":3,"user_id":"c73c3a59-8171-440d-b344-a86905adf9ae","username":"admin","password":"[REDACTED]","full_name":"Administrator SAMI-NONAK","unit_id":"UNIT-POLBENG","role_codes":"SUPER_ADMIN","status":"ACTIVE","must_change_password":false,"failed_login_count":0,"locked_until":"","last_login_at":"2026-07-19T08:32:07+07:00","created_at":"2026-07-19T08:27:53+07:00","updated_at":"2026-07-19T08:33:32+07:00","notes":"Akun awal dibuat oleh initSystem()","_created_at":"2026-07-19T08:27:53+07:00","_created_by":"SYSTEM","_updated_at":"2026-07-19T08:33:32+07:00","_updated_by":"admin","_row_version":4,"_deleted_at":"","_deleted_by":"","_spreadsheet_id":"1J_32KxE3BsaXJVNxAk54A7XsLVvuV5PcV5UVaYZl68A","_audit_id":""} | I5: SUCCESS | J5: 46222.357 | K5: admin | L5: 46222.357 | M5: admin | N5: 1 | Q5: admin
A6: 414854ec-6e9a-4e79-b2d4-69df9eb88d15 | B6: 46222.357 | C6: admin | D6: API_auth.changePassword | E6: API | H6: {"error":"Password lama tidak sesuai."} | I6: FAILED | J6: 46222.357 | K6: admin | L6: 46222.357 | M6: admin | N6: 1 | Q6: admin
A7: 583bb483-a729-4db4-8425-7e8e692d6f97 | B7: 46222.357 | C7: admin | D7: UPDATE | E7: USERS | F7: c73c3a59-8171-440d-b344-a86905adf9ae | G7: {"_sheet_row":3,"user_id":"c73c3a59-8171-440d-b344-a86905adf9ae","username":"admin","password":"[REDACTED]","full_name":"Administrator SAMI-NONAK","unit_id":"UNIT-POLBENG","role_codes":"SUPER_ADMIN","status":"ACTIVE","must_change_password":false,"failed_login_count":0,"locked_until":"","last_login_at":"2026-07-19T08:32:07+07:00","created_at":"2026-07-19T08:27:53+07:00","updated_at":"2026-07-19T08:33:32+07:00","notes":"Akun awal dibuat oleh initSystem()","_created_at":"2026-07-19T08:27:53+07:00","_created_by":"SYSTEM","_updated_at":"2026-07-19T08:33:32+07:00","_updated_by":"admin","_row_version":4,"_deleted_at":"","_deleted_by":"","_spreadsheet_id":"1J_32KxE3BsaXJVNxAk54A7XsLVvuV5PcV5UVaYZl68A","_audit_id":""} | H7: {"_sheet_row":3,"user_id":"c73c3a59-8171-440d-b344-a86905adf9ae","username":"admin","password":"[REDACTED]","full_name":"Administrator SAMI-NONAK","unit_id":"UNIT-POLBENG","role_codes":"SUPER_ADMIN","status":"ACTIVE","must_change_password":false,"failed_login_count":0,"locked_until":"","last_login_at":"2026-07-19T08:32:07+07:00","created_at":"2026-07-19T08:27:53+07:00","updated_at":"2026-07-19T08:33:45+07:00","notes":"Akun awal dibuat oleh initSystem()","_created_at":"2026-07-19T08:27:53+07:00","_created_by":"SYSTEM","_updated_at":"2026-07-19T08:33:45+07:00","_updated_by":"admin","_row_version":5,"_deleted_at":"","_deleted_by":"","_spreadsheet_id":"1J_32KxE3BsaXJVNxAk54A7XsLVvuV5PcV5UVaYZl68A","_audit_id":""} | I7: SUCCESS | J7: 46222.357 | K7: admin | L7: 46222.357 | M7: admin | N7: 1 | Q7: admin
A8: 65a54120-bf3a-416a-8d10-3e066ce0f4ee | B8: 46222.357 | C8: admin | D8: LOGIN | E8: USER | F8: c73c3a59-8171-440d-b344-a86905adf9ae | H8: {"username":"admin"} | I8: SUCCESS | J8: 46222.357 | K8: admin | L8: 46222.357 | M8: admin | N8: 1 | Q8: admin
A9: 5227bce6-f750-4595-b991-3f00f505a377 | B9: 46222.36 | C9: admin | D9: CREATE | E9: USERS | F9: cfb22fc1-09e4-486e-a3aa-52ff8c9534a5 | H9: {"_sheet_row":4,"user_id":"cfb22fc1-09e4-486e-a3aa-52ff8c9534a5","username":"p3m-polbeng","password":"[REDACTED]","full_name":"P3M","unit_id":"UNIT-P3M","role_codes":"KEPALA_UNIT","status":"ACTIVE","must_change_password":false,"failed_login_count":0,"locked_until":"","last_login_at":"","created_at":"2026-07-19T08:38:52+07:00","updated_at":"2026-07-19T08:38:52+07:00","notes":"","_created_at":"2026-07-19T08:38:52+07:00","_created_by":"admin","_updated_at":"2026-07-19T08:38:52+07:00","_updated_by":"admin","_row_version":1,"_deleted_at":"","_deleted_by":"","_spreadsheet_id":"1J_32KxE3BsaXJVNxAk54A7XsLVvuV5PcV5UVaYZl68A","_audit_id":""} | I9: SUCCESS | J9: 46222.36 | K9: admin | L9: 46222.36 | M9: admin | N9: 1 | Q9: admin
A10: b8b47ae8-4591-4bbb-bc81-d36a9b7c5384 | B10: 46222.362 | C10: admin | D10: UPDATE | E10: USERS | F10: cfb22fc1-09e4-486e-a3aa-52ff8c9534a5 | G10: {"_sheet_row":4,"user_id":"cfb22fc1-09e4-486e-a3aa-52ff8c9534a5","username":"p3m-polbeng","password":"[REDACTED]","full_name":"P3M","unit_id":"UNIT-P3M","role_codes":"KEPALA_UNIT","status":"ACTIVE","must_change_password":false,"failed_login_count":0,"locked_until":"","last_login_at":"","created_at":"2026-07-19T08:38:52+07:00","updated_at":"2026-07-19T08:38:52+07:00","notes":"","_created_at":"2026-07-19T08:38:52+07:00","_created_by":"admin","_updated_at":"2026-07-19T08:38:52+07:00","_updated_by":"admin","_row_version":1,"_deleted_at":"","_deleted_by":"","_spreadsheet_id":"1J_32KxE3BsaXJVNxAk54A7XsLVvuV5PcV5UVaYZl68A","_audit_id":""} | H10: {"_sheet_row":4,"user_id":"cfb22fc1-09e4-486e-a3aa-52ff8c9534a5","username":"p3m-polbeng","password":"[REDACTED]","full_name":"P3M","unit_id":"UNIT-P3M","role_codes":"AUDITEE|KEPALA_UNIT","status":"ACTIVE","must_change_password":false,"failed_login_count":0,"locked_until":"","last_login_at":"","created_at":"2026-07-19T08:38:52+07:00","updated_at":"2026-07-19T08:40:55+07:00","notes":"","_created_at":"2026-07-19T08:38:52+07:00","_created_by":"admin","_updated_at":"2026-07-19T08:40:55+07:00","_updated_by":"admin","_row_version":2,"_deleted_at":"","_deleted_by":"","_spreadsheet_id":"1J_32KxE3BsaXJVNxAk54A7XsLVvuV5PcV5UVaYZl68A","_audit_id":""} | I10: SUCCESS | J10: 46222.362 | K10: admin | L10: 46222.362 | M10: admin | N10: 1 | Q10: admin
A11: 8a22ee93-4f5a-4c1a-ac22-ab052f48a8ed | B11: 46222.363 | C11: admin | D11: CREATE | E11: USERS | F11: 4769c65d-0d21-4afe-b675-847b63df9c64 | H11: {"_sheet_row":5,"user_id":"4769c65d-0d21-4afe-b675-847b63df9c64","username":"hardi-1234","password":"[REDACTED]","full_name":"Dr. Hardiyanto, M.Si","unit_id":"UNIT-P4MP","role_codes":"KETUA_AUDITOR","status":"ACTIVE","must_change_password":false,"failed_login_count":0,"locked_until":"","last_login_at":"","created_at":"2026-07-19T08:42:30+07:00","updated_at":"2026-07-19T08:42:30+07:00","notes":"","_created_at":"2026-07-19T08:42:30+07:00","_created_by":"admin","_updated_at":"2026-07-19T08:42:30+07:00","_updated_by":"admin","_row_version":1,"_deleted_at":"","_deleted_by":"","_spreadsheet_id":"1J_32KxE3BsaXJVNxAk54A7XsLVvuV5PcV5UVaYZl68A","_audit_id":""} | I11: SUCCESS | J11: 46222.363 | K11: admin | L11: 46222.363 | M11: admin | N11: 1 | Q11: admin
A12: 2bb44553-cbf6-41f0-94eb-63f422cd22b2 | B12: 46222.366 | C12: p3m-polbeng | D12: LOGIN | E12: USER | F12: cfb22fc1-09e4-486e-a3aa-52ff8c9534a5 | H12: {"username":"p3m-polbeng"} | I12: SUCCESS | J12: 46222.366 | K12: p3m-polbeng | L12: 46222.366 | M12: p3m-polbeng | N12: 1 | Q12: p3m-polbeng
A13: bae3f6bd-1e69-48ea-9a60-f0dc70b535fe | B13: 46222.366 | C13: p3m-polbeng | D13: API_users.list | E13: API | H13: {"error":"Tidak berwenang melihat master pengguna."} | I13: FAILED | J13: 46222.366 | K13: p3m-polbeng | L13: 46222.366 | M13: p3m-polbeng | N13: 1 | Q13: p3m-polbeng
A14: d5354bbe-b962-4ec2-8ff1-abd420e56b69 | B14: 46222.368 | C14: hardi-polbeng | D14: API_auth.login | E14: API | H14: {"error":"Username atau password tidak sesuai."} | I14: FAILED | J14: 46222.368 | K14: hardi-polbeng | L14: 46222.368 | M14: hardi-polbeng | N14: 1 | Q14: hardi-polbeng
A15: 69e90d4a-c2fc-497f-8e3a-9ff65aff8cc8 | B15: 46222.369 | C15: hardi-1234 | D15: LOGIN | E15: USER | F15: 4769c65d-0d21-4afe-b675-847b63df9c64 | H15: {"username":"hardi-1234"} | I15: SUCCESS | J15: 46222.369 | K15: hardi-1234 | L15: 46222.369 | M15: hardi-1234 | N15: 1 | Q15: hardi-1234
A16: 48139838-43de-4a01-a343-7a2ab4c5c71c | B16: 46222.371 | C16: admin | D16: LOGIN | E16: USER | F16: c73c3a59-8171-440d-b344-a86905adf9ae | H16: {"username":"admin"} | I16: SUCCESS | J16: 46222.371 | K16: admin | L16: 46222.371 | M16: admin | N16: 1 | Q16: admin
A17: 03442889-ad68-4899-9e69-31e16ae82fd5 | B17: 46222.373 | C17: admin | D17: CREATE | E17: AUDIT_PROGRAMS | F17: 25f27b13-a0b0-46a7-b5f7-064277dbaf3f | H17: {"audit_id":"25f27b13-a0b0-46a7-b5f7-064277dbaf3f","audit_code":"AUD-2026-00001","period_id":"c5cadec3-070e-469a-919b-6ff404b14afb","audit_title":"AMI NA ","audit_type":"NON_AKADEMIK","unit_id":"UNIT-P3M","unit_name":"Pusat Penelitian dan Pengabdian kepada Masyarakat","unit_code":"P3M","risk_level":"LOW","planned_start":"2026-07-20","planned_end":"2026-07-21","status":"DRAFT","audit_status":"DRAFT","questionnaire_status":"NOT_PREPARED","questionnaire_published_at":"","manager_user_id":"c73c3a59-8171-440d-b344-a86905adf9ae","lead_auditor":"c73c3a59-8171-440d-b344-a86905adf9ae","auditee_head":"","notes":"","audit_year":"2026","audit_file_name":"p3m_2026","audit_folder_id":"1xKRMK3aqpGR9FFZ1DxohGZ4mHrf8M4zn","spreadsheet_id":"1c_FcPTNrSJdVK8S67Jrg9cDxq6_Umie8tnt0XTQn3Hw","created_at":"2026-07-19T08:57:18+07:00","_created_at":"2026-07-19T08:57:18+07:00","_created_by":"admin","_updated_at":"2026-07-19T08:57:18+07:00","_updated_by":"admin","_row_version":1,"_deleted_at":"","_deleted_by":""} | I17: SUCCESS | J17: 46222.373 | K17: admin | L17: 46222.373 | M17: admin | N17: 1 | Q17: admin
A18: dc3e28b6-144a-4cf3-b158-a770d5b27efa | B18: 46222.375 | C18: admin | D18: CREATE | E18: AUDIT_TEAMS | F18: effb0c4e-6ece-40c8-bb72-6c82918a5c8c | H18: {"audit_id":"25f27b13-a0b0-46a7-b5f7-064277dbaf3f","user_id":"4769c65d-0d21-4afe-b675-847b63df9c64","team_role":"LEAD","independence_status":"CLEARED","assigned_at":"2026-07-19T09:00:01+07:00","team_member_id":"effb0c4e-6ece-40c8-bb72-6c82918a5c8c","_spreadsheet_id":"1c_FcPTNrSJdVK8S67Jrg9cDxq6_Umie8tnt0XTQn3Hw","_audit_id":"25f27b13-a0b0-46a7-b5f7-064277dbaf3f","_created_at":"2026-07-19T09:00:01+07:00","_created_by":"admin","_row_version":1,"_deleted_at":"","_deleted_by":"","_updated_at":"2026-07-19T09:00:01+07:00","_updated_by":"admin","_sheet_row":2,"_tech_record_id":"effb0c4e-6ece-40c8-bb72-6c82918a5c8c"} | I18: SUCCESS | J18: 46222.375 | K18: admin | L18: 46222.375 | M18: admin | N18: 1 | Q18: admin
A19: 2e4252ef-1079-485b-8ea9-d27a2673b1a1 | B19: 46222.376 | C19: admin | D19: QUESTION_DRAFT_INITIALIZED | E19: AUDIT_PROGRAM | F19: 25f27b13-a0b0-46a7-b5f7-064277dbaf3f | H19: {"question_count":66} | I19: SUCCESS | J19: 46222.376 | K19: admin | L19: 46222.376 | M19: admin | N19: 1 | Q19: admin
A20: b770351e-0eb4-4a45-9483-9bb88ad26576 | B20: 46222.377 | C20: admin | D20: UPDATE | E20: AUDIT_PROGRAMS | F20: 25f27b13-a0b0-46a7-b5f7-064277dbaf3f | G20: {"_sheet_row":2,"audit_id":"25f27b13-a0b0-46a7-b5f7-064277dbaf3f","audit_year":2026,"unit_id":"UNIT-P3M","unit_name":"Pusat Penelitian dan Pengabdian kepada Masyarakat","audit_file_name":"p3m_2026","audit_folder_id":"1xKRMK3aqpGR9FFZ1DxohGZ4mHrf8M4zn","spreadsheet_id":"1c_FcPTNrSJdVK8S67Jrg9cDxq6_Umie8tnt0XTQn3Hw","audit_status":"DRAFT","planned_start":"2026-07-20T00:00:00+07:00","planned_end":"2026-07-21T00:00:00+07:00","lead_auditor":"4769c65d-0d21-4afe-b675-847b63df9c64","auditee_head":"","created_at":"2026-07-19T08:57:18+07:00","audit_code":"AUD-2026-00001","period_id":"c5cadec3-070e-469a-919b-6ff404b14afb","audit_title":"AMI NA ","audit_type":"NON_AKADEMIK","risk_level":"LOW","status":"DRAFT","manager_user_id":"4769c65d-0d21-4afe-b675-847b63df9c64","notes":"","_created_at":"2026-07-19T08:57:18+07:00","_created_by":"admin","_updated_at":"2026-07-19T09:01:40+07:00","_updated_by":"admin","_row_version":3,"_deleted_at":"","_deleted_by":"","unit_code":"P3M","questionnaire_status":"DRAFT","questionnaire_published_at":"","spreadsheet_url":"https://docs.google.com/spreadsheets/d/1c_FcPTNrSJdVK8S67Jrg9cDxq6_Umie8tnt0XTQn3Hw/edit","audit_folder_url":"https://drive.google.com/drive/folders/1xKRMK3aqpGR9FFZ1DxohGZ4mHrf8M4zn","evidence_folder_id":"1tbpVhkSnW46xiWLr-PNC6by__mRM-lkf","print_folder_id":"1m2D7XIvuDjXKMMG3mVmJeVL0KgcJIQ57","file_status":"CREATED","template_version":1,"_spreadsheet_id":"1c_FcPTNrSJdVK8S67Jrg9cDxq6_Umie8tnt0XTQn3Hw","_audit_id":"25f27b13-a0b0-46a7-b5f7-064277dbaf3f"} | H20: {"_sheet_row":2,"audit_id":"25f27b13-a0b0-46a7-b5f7-064277dbaf3f","audit_year":2026,"unit_id":"UNIT-P3M","unit_name":"Pusat Penelitian dan Pengabdian kepada Masyarakat","audit_file_name":"p3m_2026","audit_folder_id":"1xKRMK3aqpGR9FFZ1DxohGZ4mHrf8M4zn","spreadsheet_id":"1c_FcPTNrSJdVK8S67Jrg9cDxq6_Umie8tnt0XTQn3Hw","audit_status":"PLANNED","planned_start":"2026-07-20T00:00:00+07:00","planned_end":"2026-07-21T00:00:00+07:00","lead_auditor":"4769c65d-0d21-4afe-b675-847b63df9c64","auditee_head":"","created_at":"2026-07-19T08:57:18+07:00","audit_code":"AUD-2026-00001","period_id":"c5cadec3-070e-469a-919b-6ff404b14afb","audit_title":"AMI NA ","audit_type":"NON_AKADEMIK","risk_level":"LOW","status":"PLANNED","manager_user_id":"4769c65d-0d21-4afe-b675-847b63df9c64","notes":"","_created_at":"2026-07-19T08:57:18+07:00","_created_by":"admin","_updated_at":"2026-07-19T09:03:07+07:00","_updated_by":"admin","_row_version":4,"_deleted_at":"","_deleted_by":"","unit_code":"P3M","questionnaire_status":"DRAFT","questionnaire_published_at":"","spreadsheet_url":"https://docs.google.com/spreadsheets/d/1c_FcPTNrSJdVK8S67Jrg9cDxq6_Umie8tnt0XTQn3Hw/edit","audit_folder_url":"https://drive.google.com/drive/folders/1xKRMK3aqpGR9FFZ1DxohGZ4mHrf8M4zn","evidence_folder_id":"1tbpVhkSnW46xiWLr-PNC6by__mRM-lkf","print_folder_id":"1m2D7XIvuDjXKMMG3mVmJeVL0KgcJIQ57","file_status":"CREATED","template_version":1,"_spreadsheet_id":"1c_FcPTNrSJdVK8S67Jrg9cDxq6_Umie8tnt0XTQn3Hw","_audit_id":"25f27b13-a0b0-46a7-b5f7-064277dbaf3f"} | I20: SUCCESS | J20: 46222.377 | K20: admin | L20: 46222.377 | M20: admin | N20: 1 | Q20: admin
A21: a16edb68-6e72-42e4-9815-32c62dd14d58 | B21: 46222.378 | C21: admin | D21: WORKFLOW_APPROVE_PROGRAM | E21: AUDIT_PROGRAM | F21: 25f27b13-a0b0-46a7-b5f7-064277dbaf3f | G21: {"_sheet_row":2,"audit_id":"25f27b13-a0b0-46a7-b5f7-064277dbaf3f","audit_year":2026,"unit_id":"UNIT-P3M","unit_name":"Pusat Penelitian dan Pengabdian kepada Masyarakat","audit_file_name":"p3m_2026","audit_folder_id":"1xKRMK3aqpGR9FFZ1DxohGZ4mHrf8M4zn","spreadsheet_id":"1c_FcPTNrSJdVK8S67Jrg9cDxq6_Umie8tnt0XTQn3Hw","audit_status":"DRAFT","planned_start":"2026-07-20T00:00:00+07:00","planned_end":"2026-07-21T00:00:00+07:00","lead_auditor":"4769c65d-0d21-4afe-b675-847b63df9c64","auditee_head":"","created_at":"2026-07-19T08:57:18+07:00","audit_code":"AUD-2026-00001","period_id":"c5cadec3-070e-469a-919b-6ff404b14afb","audit_title":"AMI NA ","audit_type":"NON_AKADEMIK","risk_level":"LOW","status":"DRAFT","manager_user_id":"4769c65d-0d21-4afe-b675-847b63df9c64","notes":"","_created_at":"2026-07-19T08:57:18+07:00","_created_by":"admin","_updated_at":"2026-07-19T09:01:40+07:00","_updated_by":"admin","_row_version":3,"_deleted_at":"","_deleted_by":"","unit_code":"P3M","questionnaire_status":"DRAFT","questionnaire_published_at":"","spreadsheet_url":"https://docs.google.com/spreadsheets/d/1c_FcPTNrSJdVK8S67Jrg9cDxq6_Umie8tnt0XTQn3Hw/edit","audit_folder_url":"https://drive.google.com/drive/folders/1xKRMK3aqpGR9FFZ1DxohGZ4mHrf8M4zn","evidence_folder_id":"1tbpVhkSnW46xiWLr-PNC6by__mRM-lkf","print_folder_id":"1m2D7XIvuDjXKMMG3mVmJeVL0KgcJIQ57","file_status":"CREATED","template_version":1,"_spreadsheet_id":"1c_FcPTNrSJdVK8S67Jrg9cDxq6_Umie8tnt0XTQn3Hw","_audit_id":"25f27b13-a0b0-46a7-b5f7-064277dbaf3f"} | H21: {"_sheet_row":2,"audit_id":"25f27b13-a0b0-46a7-b5f7-064277dbaf3f","audit_year":2026,"unit_id":"UNIT-P3M","unit_name":"Pusat Penelitian dan Pengabdian kepada Masyarakat","audit_file_name":"p3m_2026","audit_folder_id":"1xKRMK3aqpGR9FFZ1DxohGZ4mHrf8M4zn","spreadsheet_id":"1c_FcPTNrSJdVK8S67Jrg9cDxq6_Umie8tnt0XTQn3Hw","audit_status":"PLANNED","planned_start":"2026-07-20T00:00:00+07:00","planned_end":"2026-07-21T00:00:00+07:00","lead_auditor":"4769c65d-0d21-4afe-b675-847b63df9c64","auditee_head":"","created_at":"2026-07-19T08:57:18+07:00","audit_code":"AUD-2026-00001","period_id":"c5cadec3-070e-469a-919b-6ff404b14afb","audit_title":"AMI NA ","audit_type":"NON_AKADEMIK","risk_level":"LOW","status":"PLANNED","manager_user_id":"4769c65d-0d21-4afe-b675-847b63df9c64","notes":"","_created_at":"2026-07-19T08:57:18+07:00","_created_by":"admin","_updated_at":"2026-07-19T09:03:07+07:00","_updated_by":"admin","_row_version":4,"_deleted_at":"","_deleted_by":"","unit_code":"P3M","questionnaire_status":"DRAFT","questionnaire_published_at":"","spreadsheet_url":"https://docs.google.com/spreadsheets/d/1c_FcPTNrSJdVK8S67Jrg9cDxq6_Umie8tnt0XTQn3Hw/edit","audit_folder_url":"https://drive.google.com/drive/folders/1xKRMK3aqpGR9FFZ1DxohGZ4mHrf8M4zn","evidence_folder_id":"1tbpVhkSnW46xiWLr-PNC6by__mRM-lkf","print_folder_id":"1m2D7XIvuDjXKMMG3mVmJeVL0KgcJIQ57","file_status":"CREATED","template_version":1,"_spreadsheet_id":"1c_FcPTNrSJdVK8S67Jrg9cDxq6_Umie8tnt0XTQn3Hw","_audit_id":"25f27b13-a0b0-46a7-b5f7-064277dbaf3f"} | I21: SUCCESS | J21: 46222.378 | K21: admin | L21: 46222.378 | M21: admin | N21: 1 | Q21: admin
A22: 6415f051-ca2d-47d1-843a-69a2f9ad2343 | B22: 46222.379 | C22: admin | D22: UPDATE | E22: AUDIT_PROGRAMS | F22: 25f27b13-a0b0-46a7-b5f7-064277dbaf3f | G22: {"_sheet_row":2,"audit_id":"25f27b13-a0b0-46a7-b5f7-064277dbaf3f","audit_year":2026,"unit_id":"UNIT-P3M","unit_name":"Pusat Penelitian dan Pengabdian kepada Masyarakat","audit_file_name":"p3m_2026","audit_folder_id":"1xKRMK3aqpGR9FFZ1DxohGZ4mHrf8M4zn","spreadsheet_id":"1c_FcPTNrSJdVK8S67Jrg9cDxq6_Umie8tnt0XTQn3Hw","audit_status":"PLANNED","planned_start":"2026-07-20T00:00:00+07:00","planned_end":"2026-07-21T00:00:00+07:00","lead_auditor":"4769c65d-0d21-4afe-b675-847b63df9c64","auditee_head":"","created_at":"2026-07-19T08:57:18+07:00","audit_code":"AUD-2026-00001","period_id":"c5cadec3-070e-469a-919b-6ff404b14afb","audit_title":"AMI NA ","audit_type":"NON_AKADEMIK","risk_level":"LOW","status":"PLANNED","manager_user_id":"4769c65d-0d21-4afe-b675-847b63df9c64","notes":"","_created_at":"2026-07-19T08:57:18+07:00","_created_by":"admin","_updated_at":"2026-07-19T09:03:07+07:00","_updated_by":"admin","_row_version":4,"_deleted_at":"","_deleted_by":"","unit_code":"P3M","questionnaire_status":"DRAFT","questionnaire_published_at":"","spreadsheet_url":"https://docs.google.com/spreadsheets/d/1c_FcPTNrSJdVK8S67Jrg9cDxq6_Umie8tnt0XTQn3Hw/edit","audit_folder_url":"https://drive.google.com/drive/folders/1xKRMK3aqpGR9FFZ1DxohGZ4mHrf8M4zn","evidence_folder_id":"1tbpVhkSnW46xiWLr-PNC6by__mRM-lkf","print_folder_id":"1m2D7XIvuDjXKMMG3mVmJeVL0KgcJIQ57","file_status":"CREATED","template_version":1,"_spreadsheet_id":"1c_FcPTNrSJdVK8S67Jrg9cDxq6_Umie8tnt0XTQn3Hw","_audit_id":"25f27b13-a0b0-46a7-b5f7-064277dbaf3f"} | H22: {"_sheet_row":2,"audit_id":"25f27b13-a0b0-46a7-b5f7-064277dbaf3f","audit_year":2026,"unit_id":"UNIT-P3M","unit_name":"Pusat Penelitian dan Pengabdian kepada Masyarakat","audit_file_name":"p3m_2026","audit_folder_id":"1xKRMK3aqpGR9FFZ1DxohGZ4mHrf8M4zn","spreadsheet_id":"1c_FcPTNrSJdVK8S67Jrg9cDxq6_Umie8tnt0XTQn3Hw","audit_status":"FILE_PREPARATION","planned_start":"2026-07-20T00:00:00+07:00","planned_end":"2026-07-21T00:00:00+07:00","lead_auditor":"4769c65d-0d21-4afe-b675-847b63df9c64","auditee_head":"","created_at":"2026-07-19T08:57:18+07:00","audit_code":"AUD-2026-00001","period_id":"c5cadec3-070e-469a-919b-6ff404b14afb","audit_title":"AMI NA ","audit_type":"NON_AKADEMIK","risk_level":"LOW","status":"FILE_PREPARATION","manager_user_id":"4769c65d-0d21-4afe-b675-847b63df9c64","notes":"","_created_at":"2026-07-19T08:57:18+07:00","_created_by":"admin","_updated_at":"2026-07-19T09:05:18+07:00","_updated_by":"admin","_row_version":5,"_deleted_at":"","_deleted_by":"","unit_code":"P3M","questionnaire_status":"DRAFT","questionnaire_published_at":"","spreadsheet_url":"https://docs.google.com/spreadsheets/d/1c_FcPTNrSJdVK8S67Jrg9cDxq6_Umie8tnt0XTQn3Hw/edit","audit_folder_url":"https://drive.google.com/drive/folders/1xKRMK3aqpGR9FFZ1DxohGZ4mHrf8M4zn","evidence_folder_id":"1tbpVhkSnW46xiWLr-PNC6by__mRM-lkf","print_folder_id":"1m2D7XIvuDjXKMMG3mVmJeVL0KgcJIQ57","file_status":"CREATED","template_version":1,"_spreadsheet_id":"1c_FcPTNrSJdVK8S67Jrg9cDxq6_Umie8tnt0XTQn3Hw","_audit_id":"25f27b13-a0b0-46a7-b5f7-064277dbaf3f"} | I22: SUCCESS | J22: 46222.379 | K22: admin | L22: 46222.379 | M22: admin | N22: 1 | Q22: admin
A23: 9660eb13-2e61-446c-9446-1a00d912bc7a | B23: 46222.379 | C23: admin | D23: WORKFLOW_PREPARE_AUDIT_FILE | E23: AUDIT_PROGRAM | F23: 25f27b13-a0b0-46a7-b5f7-064277dbaf3f | G23: {"_sheet_row":2,"audit_id":"25f27b13-a0b0-46a7-b5f7-064277dbaf3f","audit_year":2026,"unit_id":"UNIT-P3M","unit_name":"Pusat Penelitian dan Pengabdian kepada Masyarakat","audit_file_name":"p3m_2026","audit_folder_id":"1xKRMK3aqpGR9FFZ1DxohGZ4mHrf8M4zn","spreadsheet_id":"1c_FcPTNrSJdVK8S67Jrg9cDxq6_Umie8tnt0XTQn3Hw","audit_status":"PLANNED","planned_start":"2026-07-20T00:00:00+07:00","planned_end":"2026-07-21T00:00:00+07:00","lead_auditor":"4769c65d-0d21-4afe-b675-847b63df9c64","auditee_head":"","created_at":"2026-07-19T08:57:18+07:00","audit_code":"AUD-2026-00001","period_id":"c5cadec3-070e-469a-919b-6ff404b14afb","audit_title":"AMI NA ","audit_type":"NON_AKADEMIK","risk_level":"LOW","status":"PLANNED","manager_user_id":"4769c65d-0d21-4afe-b675-847b63df9c64","notes":"","_created_at":"2026-07-19T08:57:18+07:00","_created_by":"admin","_updated_at":"2026-07-19T09:03:07+07:00","_updated_by":"admin","_row_version":4,"_deleted_at":"","_deleted_by":"","unit_code":"P3M","questionnaire_status":"DRAFT","questionnaire_published_at":"","spreadsheet_url":"https://docs.google.com/spreadsheets/d/1c_FcPTNrSJdVK8S67Jrg9cDxq6_Umie8tnt0XTQn3Hw/edit","audit_folder_url":"https://drive.google.com/drive/folders/1xKRMK3aqpGR9FFZ1DxohGZ4mHrf8M4zn","evidence_folder_id":"1tbpVhkSnW46xiWLr-PNC6by__mRM-lkf","print_folder_id":"1m2D7XIvuDjXKMMG3mVmJeVL0KgcJIQ57","file_status":"CREATED","template_version":1,"_spreadsheet_id":"1c_FcPTNrSJdVK8S67Jrg9cDxq6_Umie8tnt0XTQn3Hw","_audit_id":"25f27b13-a0b0-46a7-b5f7-064277dbaf3f"} | H23: {"_sheet_row":2,"audit_id":"25f27b13-a0b0-46a7-b5f7-064277dbaf3f","audit_year":2026,"unit_id":"UNIT-P3M","unit_name":"Pusat Penelitian dan Pengabdian kepada Masyarakat","audit_file_name":"p3m_2026","audit_folder_id":"1xKRMK3aqpGR9FFZ1DxohGZ4mHrf8M4zn","spreadsheet_id":"1c_FcPTNrSJdVK8S67Jrg9cDxq6_Umie8tnt0XTQn3Hw","audit_status":"FILE_PREPARATION","planned_start":"2026-07-20T00:00:00+07:00","planned_end":"2026-07-21T00:00:00+07:00","lead_auditor":"4769c65d-0d21-4afe-b675-847b63df9c64","auditee_head":"","created_at":"2026-07-19T08:57:18+07:00","audit_code":"AUD-2026-00001","period_id":"c5cadec3-070e-469a-919b-6ff404b14afb","audit_title":"AMI NA ","audit_type":"NON_AKADEMIK","risk_level":"LOW","status":"FILE_PREPARATION","manager_user_id":"4769c65d-0d21-4afe-b675-847b63df9c64","notes":"","_created_at":"2026-07-19T08:57:18+07:00","_created_by":"admin","_updated_at":"2026-07-19T09:05:18+07:00","_updated_by":"admin","_row_version":5,"_deleted_at":"","_deleted_by":"","unit_code":"P3M","questionnaire_status":"DRAFT","questionnaire_published_at":"","spreadsheet_url":"https://docs.google.com/spreadsheets/d/1c_FcPTNrSJdVK8S67Jrg9cDxq6_Umie8tnt0XTQn3Hw/edit","audit_folder_url":"https://drive.google.com/drive/folders/1xKRMK3aqpGR9FFZ1DxohGZ4mHrf8M4zn","evidence_folder_id":"1tbpVhkSnW46xiWLr-PNC6by__mRM-lkf","print_folder_id":"1m2D7XIvuDjXKMMG3mVmJeVL0KgcJIQ57","file_status":"CREATED","template_version":1,"_spreadsheet_id":"1c_FcPTNrSJdVK8S67Jrg9cDxq6_Umie8tnt0XTQn3Hw","_audit_id":"25f27b13-a0b0-46a7-b5f7-064277dbaf3f"} | I23: SUCCESS | J23: 46222.379 | K23: admin | L23: 46222.379 | M23: admin | N23: 1 | Q23: admin
A24: 822947d9-377a-4eda-884c-e6e819c63c44 | B24: 46222.379 | C24: admin | D24: UPDATE | E24: AUDIT_PROGRAMS | F24: 25f27b13-a0b0-46a7-b5f7-064277dbaf3f | G24: {"_sheet_row":2,"audit_id":"25f27b13-a0b0-46a7-b5f7-064277dbaf3f","audit_year":2026,"unit_id":"UNIT-P3M","unit_name":"Pusat Penelitian dan Pengabdian kepada Masyarakat","audit_file_name":"p3m_2026","audit_folder_id":"1xKRMK3aqpGR9FFZ1DxohGZ4mHrf8M4zn","spreadsheet_id":"1c_FcPTNrSJdVK8S67Jrg9cDxq6_Umie8tnt0XTQn3Hw","audit_status":"FILE_PREPARATION","planned_start":"2026-07-20T00:00:00+07:00","planned_end":"2026-07-21T00:00:00+07:00","lead_auditor":"4769c65d-0d21-4afe-b675-847b63df9c64","auditee_head":"","created_at":"2026-07-19T08:57:18+07:00","audit_code":"AUD-2026-00001","period_id":"c5cadec3-070e-469a-919b-6ff404b14afb","audit_title":"AMI NA ","audit_type":"NON_AKADEMIK","risk_level":"LOW","status":"FILE_PREPARATION","manager_user_id":"4769c65d-0d21-4afe-b675-847b63df9c64","notes":"","_created_at":"2026-07-19T08:57:18+07:00","_created_by":"admin","_updated_at":"2026-07-19T09:05:18+07:00","_updated_by":"admin","_row_version":5,"_deleted_at":"","_deleted_by":"","unit_code":"P3M","questionnaire_status":"DRAFT","questionnaire_published_at":"","spreadsheet_url":"https://docs.google.com/spreadsheets/d/1c_FcPTNrSJdVK8S67Jrg9cDxq6_Umie8tnt0XTQn3Hw/edit","audit_folder_url":"https://drive.google.com/drive/folders/1xKRMK3aqpGR9FFZ1DxohGZ4mHrf8M4zn","evidence_folder_id":"1tbpVhkSnW46xiWLr-PNC6by__mRM-lkf","print_folder_id":"1m2D7XIvuDjXKMMG3mVmJeVL0KgcJIQ57","file_status":"ACTIVE","template_version":1,"_spreadsheet_id":"1c_FcPTNrSJdVK8S67Jrg9cDxq6_Umie8tnt0XTQn3Hw","_audit_id":"25f27b13-a0b0-46a7-b5f7-064277dbaf3f"} | H24: {"_sheet_row":2,"audit_id":"25f27b13-a0b0-46a7-b5f7-064277dbaf3f","audit_year":2026,"unit_id":"UNIT-P3M","unit_name":"Pusat Penelitian dan Pengabdian kepada Masyarakat","audit_file_name":"p3m_2026","audit_folder_id":"1xKRMK3aqpGR9FFZ1DxohGZ4mHrf8M4zn","spreadsheet_id":"1c_FcPTNrSJdVK8S67Jrg9cDxq6_Umie8tnt0XTQn3Hw","audit_status":"INSTRUMENT_REVIEW","planned_start":"2026-07-20T00:00:00+07:00","planned_end":"2026-07-21T00:00:00+07:00","lead_auditor":"4769c65d-0d21-4afe-b675-847b63df9c64","auditee_head":"","created_at":"2026-07-19T08:57:18+07:00","audit_code":"AUD-2026-00001","period_id":"c5cadec3-070e-469a-919b-6ff404b14afb","audit_title":"AMI NA ","audit_type":"NON_AKADEMIK","risk_level":"LOW","status":"INSTRUMENT_REVIEW","manager_user_id":"4769c65d-0d21-4afe-b675-847b63df9c64","notes":"","_created_at":"2026-07-19T08:57:18+07:00","_created_by":"admin","_updated_at":"2026-07-19T09:06:13+07:00","_updated_by":"admin","_row_version":6,"_deleted_at":"","_deleted_by":"","unit_code":"P3M","questionnaire_status":"DRAFT","questionnaire_published_at":"","spreadsheet_url":"https://docs.google.com/spreadsheets/d/1c_FcPTNrSJdVK8S67Jrg9cDxq6_Umie8tnt0XTQn3Hw/edit","audit_folder_url":"https://drive.google.com/drive/folders/1xKRMK3aqpGR9FFZ1DxohGZ4mHrf8M4zn","evidence_folder_id":"1tbpVhkSnW46xiWLr-PNC6by__mRM-lkf","print_folder_id":"1m2D7XIvuDjXKMMG3mVmJeVL0KgcJIQ57","file_status":"ACTIVE","template_version":1,"_spreadsheet_id":"1c_FcPTNrSJdVK8S67Jrg9cDxq6_Umie8tnt0XTQn3Hw","_audit_id":"25f27b13-a0b0-46a7-b5f7-064277dbaf3f"} | I24: SUCCESS | J24: 46222.379 | K24: admin | L24: 46222.379 | M24: admin | N24: 1 | Q24: admin
A25: 1685efa1-0bce-41e9-b3be-59592fa9372e | B25: 46222.38 | C25: admin | D25: WORKFLOW_START_INSTRUMENT_REVIEW | E25: AUDIT_PROGRAM | F25: 25f27b13-a0b0-46a7-b5f7-064277dbaf3f | G25: {"_sheet_row":2,"audit_id":"25f27b13-a0b0-46a7-b5f7-064277dbaf3f","audit_year":2026,"unit_id":"UNIT-P3M","unit_name":"Pusat Penelitian dan Pengabdian kepada Masyarakat","audit_file_name":"p3m_2026","audit_folder_id":"1xKRMK3aqpGR9FFZ1DxohGZ4mHrf8M4zn","spreadsheet_id":"1c_FcPTNrSJdVK8S67Jrg9cDxq6_Umie8tnt0XTQn3Hw","audit_status":"FILE_PREPARATION","planned_start":"2026-07-20T00:00:00+07:00","planned_end":"2026-07-21T00:00:00+07:00","lead_auditor":"4769c65d-0d21-4afe-b675-847b63df9c64","auditee_head":"","created_at":"2026-07-19T08:57:18+07:00","audit_code":"AUD-2026-00001","period_id":"c5cadec3-070e-469a-919b-6ff404b14afb","audit_title":"AMI NA ","audit_type":"NON_AKADEMIK","risk_level":"LOW","status":"FILE_PREPARATION","manager_user_id":"4769c65d-0d21-4afe-b675-847b63df9c64","notes":"","_created_at":"2026-07-19T08:57:18+07:00","_created_by":"admin","_updated_at":"2026-07-19T09:05:18+07:00","_updated_by":"admin","_row_version":5,"_deleted_at":"","_deleted_by":"","unit_code":"P3M","questionnaire_status":"DRAFT","questionnaire_published_at":"","spreadsheet_url":"https://docs.google.com/spreadsheets/d/1c_FcPTNrSJdVK8S67Jrg9cDxq6_Umie8tnt0XTQn3Hw/edit","audit_folder_url":"https://drive.google.com/drive/folders/1xKRMK3aqpGR9FFZ1DxohGZ4mHrf8M4zn","evidence_folder_id":"1tbpVhkSnW46xiWLr-PNC6by__mRM-lkf","print_folder_id":"1m2D7XIvuDjXKMMG3mVmJeVL0KgcJIQ57","file_status":"ACTIVE","template_version":1,"_spreadsheet_id":"1c_FcPTNrSJdVK8S67Jrg9cDxq6_Umie8tnt0XTQn3Hw","_audit_id":"25f27b13-a0b0-46a7-b5f7-064277dbaf3f"} | H25: {"_sheet_row":2,"audit_id":"25f27b13-a0b0-46a7-b5f7-064277dbaf3f","audit_year":2026,"unit_id":"UNIT-P3M","unit_name":"Pusat Penelitian dan Pengabdian kepada Masyarakat","audit_file_name":"p3m_2026","audit_folder_id":"1xKRMK3aqpGR9FFZ1DxohGZ4mHrf8M4zn","spreadsheet_id":"1c_FcPTNrSJdVK8S67Jrg9cDxq6_Umie8tnt0XTQn3Hw","audit_status":"INSTRUMENT_REVIEW","planned_start":"2026-07-20T00:00:00+07:00","planned_end":"2026-07-21T00:00:00+07:00","lead_auditor":"4769c65d-0d21-4afe-b675-847b63df9c64","auditee_head":"","created_at":"2026-07-19T08:57:18+07:00","audit_code":"AUD-2026-00001","period_id":"c5cadec3-070e-469a-919b-6ff404b14afb","audit_title":"AMI NA ","audit_type":"NON_AKADEMIK","risk_level":"LOW","status":"INSTRUMENT_REVIEW","manager_user_id":"4769c65d-0d21-4afe-b675-847b63df9c64","notes":"","_created_at":"2026-07-19T08:57:18+07:00","_created_by":"admin","_updated_at":"2026-07-19T09:06:13+07:00","_updated_by":"admin","_row_version":6,"_deleted_at":"","_deleted_by":"","unit_code":"P3M","questionnaire_status":"DRAFT","questionnaire_published_at":"","spreadsheet_url":"https://docs.google.com/spreadsheets/d/1c_FcPTNrSJdVK8S67Jrg9cDxq6_Umie8tnt0XTQn3Hw/edit","audit_folder_url":"https://drive.google.com/drive/folders/1xKRMK3aqpGR9FFZ1DxohGZ4mHrf8M4zn","evidence_folder_id":"1tbpVhkSnW46xiWLr-PNC6by__mRM-lkf","print_folder_id":"1m2D7XIvuDjXKMMG3mVmJeVL0KgcJIQ57","file_status":"ACTIVE","template_version":1,"_spreadsheet_id":"1c_FcPTNrSJdVK8S67Jrg9cDxq6_Umie8tnt0XTQn3Hw","_audit_id":"25f27b13-a0b0-46a7-b5f7-064277dbaf3f"} | I25: SUCCESS | J25: 46222.38 | K25: admin | L25: 46222.38 | M25: admin | N25: 1 | Q25: admin
A26: 6362f234-01de-4a97-9367-ddc6d7032eee | B26: 46222.381 | C26: admin | D26: QUESTION_REVIEW_SAVED | E26: AUDIT_PROGRAM | F26: 25f27b13-a0b0-46a7-b5f7-064277dbaf3f | H26: {"count":66} | I26: SUCCESS | J26: 46222.381 | K26: admin | L26: 46222.381 | M26: admin | N26: 1 | Q26: admin
A27: ca22bdf6-e326-48f7-9d96-7ff2c4dd6a26 | B27: 46222.381 | C27: admin | D27: CREATE | E27: APPROVALS | F27: 87deff13-a804-4dac-8117-d8d8dac371ff | H27: {"_sheet_row":2,"approval_id":"87deff13-a804-4dac-8117-d8d8dac371ff","entity_type":"AUDIT_QUESTION_SET","entity_id":"25f27b13-a0b0-46a7-b5f7-064277dbaf3f","approval_step":"QUESTION_PUBLICATION","approver_user_id":"c73c3a59-8171-440d-b344-a86905adf9ae","decision":"AUTO_APPROVED_DEFAULT","decision_note":"tidak ada perubahan","decided_at":"2026-07-19T09:08:55+07:00","audit_id":"25f27b13-a0b0-46a7-b5f7-064277dbaf3f","_created_at":"2026-07-19T09:08:55+07:00","_created_by":"admin","_updated_at":"2026-07-19T09:08:55+07:00","_updated_by":"admin","_row_version":1,"_deleted_at":"","_deleted_by":"","_spreadsheet_id":"1c_FcPTNrSJdVK8S67Jrg9cDxq6_Umie8tnt0XTQn3Hw","_audit_id":"25f27b13-a0b0-46a7-b5f7-064277dbaf3f"} | I27: SUCCESS | J27: 46222.381 | K27: admin | L27: 46222.381 | M27: admin | N27: 1 | Q27: admin
A28: ea819acf-078e-4af9-b22a-14d038164e08 | B28: 46222.381 | C28: admin | D28: QUESTIONNAIRE_PUBLISHED | E28: AUDIT_PROGRAM | F28: 25f27b13-a0b0-46a7-b5f7-064277dbaf3f | H28: {"count":66} | I28: SUCCESS | J28: 46222.381 | K28: admin | L28: 46222.381 | M28: admin | N28: 1 | Q28: admin
A29: 9b20f53a-9622-4124-bf53-417d5040ba2f | B29: 46222.383 | C29: p3m-polbeng | D29: LOGIN | E29: USER | F29: cfb22fc1-09e4-486e-a3aa-52ff8c9534a5 | H29: {"username":"p3m-polbeng"} | I29: SUCCESS | J29: 46222.383 | K29: p3m-polbeng | L29: 46222.383 | M29: p3m-polbeng | N29: 1 | Q29: p3m-polbeng

Sheet 01_CONFIG
A1: config_key | B1: config_value | C1: data_type | D1: scope | E1: description | F1: required | G1: editable | H1: updated_at
A2: APP_NAME | B2: SAMI-NONAK Polbeng | C2: TEXT | D2: SYSTEM | E2: Nama aplikasi | F2: TRUE | G2: TRUE
A3: APP_CODE | B3: SAMI_NONAK | C3: TEXT | D3: SYSTEM | E3: Kode aplikasi | F3: TRUE | G3: FALSE
A4: APP_VERSION | B4: 1.2.0 | C4: TEXT | D4: SYSTEM | E4: Versi aplikasi | F4: TRUE | G4: TRUE | H4: 46222.353
A5: SYSTEM_MODE | B5: DEVELOPMENT | C5: LOOKUP:SYSTEM_MODE | D5: SYSTEM | E5: Mode DEVELOPMENT/PRODUCTION | F5: TRUE | G5: TRUE
A6: SYSTEM_SPREADSHEET_ID | B6: 1J_32KxE3BsaXJVNxAk54A7XsLVvuV5PcV5UVaYZl68A | C6: TEXT | D6: SYSTEM | E6: ID file Google Sheet Sistem; diisi fungsi initSystem() | F6: TRUE | G6: FALSE | H6: 46222.353
A7: TRANSACTION_STORAGE_MODE | B7: PER_UNIT_YEAR_SPREADSHEET | C7: TEXT | D7: DATABASE | E7: Setiap unit dan tahun audit mempunyai Google Sheet transaksi tersendiri | F7: TRUE | G7: FALSE | H7: 46222.352
A8: DEFAULT_AUDIT_PERIOD | B8: 2026 | C8: TEXT | D8: AUDIT | E8: Periode audit default | F8: TRUE | G8: TRUE
A9: TIMEZONE | B9: Asia/Jakarta | C9: TEXT | D9: SYSTEM | E9: Zona waktu aplikasi | F9: TRUE | G9: TRUE
A10: LOCALE | B10: id_ID | C10: TEXT | D10: SYSTEM | E10: Lokal aplikasi | F10: TRUE | G10: TRUE
A11: DATE_FORMAT | B11: dd/MM/yyyy | C11: TEXT | D11: SYSTEM | E11: Format tanggal tampilan | F11: TRUE | G11: TRUE
A12: DATETIME_FORMAT | B12: dd/MM/yyyy HH:mm:ss | C12: TEXT | D12: SYSTEM | E12: Format waktu tampilan | F12: TRUE | G12: TRUE
A13: ACTIVE_PROCESS_STANDARD | B13: ISO9001_2015_A1_2024 | C13: TEXT | D13: STANDARD | E13: ISO 9001:2015 digunakan untuk pendekatan proses dan pengendalian proses bisnis | F13: TRUE | G13: TRUE | H13: 2026-07-19
A14: ACTIVE_ORG_VERSION | B14: OTK_POLBENG_2022 | C14: TEXT | D14: ORGANIZATION | E14: Struktur dan tupoksi unit berdasarkan OTK Polbeng yang berlaku | F14: TRUE | G14: TRUE | H14: 2026-07-19
A15: MAX_UPLOAD_MB | B15: 10 | C15: NUMBER | D15: EVIDENCE | E15: Batas ukuran satu file | F15: TRUE | G15: TRUE
A16: EVIDENCE_STORAGE_MODE | B16: GOOGLE_DRIVE | C16: LOOKUP:STORAGE_MODE | D16: EVIDENCE | E16: Metode penyimpanan bukti | F16: TRUE | G16: TRUE
A17: EVIDENCE_ROOT_FOLDER_ID | B17: 1bavSo7fYdE8p4rrMnGVAsGYmjLtWHCSs | C17: TEXT | D17: EVIDENCE | E17: Folder induk bukti di Google Drive | F17: TRUE | G17: TRUE | H17: 46222.353
A18: ENABLE_EMAIL_NOTIFICATION | B18: TRUE | C18: BOOLEAN | D18: NOTIFICATION | E18: Aktifkan email notifikasi | F18: TRUE | G18: TRUE
A19: ENABLE_AUDIT_LOG | B19: TRUE | C19: BOOLEAN | D19: SECURITY | E19: Aktifkan log aktivitas | F19: TRUE | G19: TRUE
A20: ALLOW_PUBLIC_ACCESS | B20: FALSE | C20: BOOLEAN | D20: SECURITY | E20: Harus FALSE untuk aplikasi institusi | F20: TRUE | G20: FALSE
A21: DEFAULT_PAGE_SIZE | B21: 25 | C21: NUMBER | D21: UI | E21: Jumlah baris per halaman | F21: TRUE | G21: TRUE
A22: CACHE_SECONDS | B22: 300 | C22: NUMBER | D22: PERFORMANCE | E22: Durasi cache master data | F22: TRUE | G22: TRUE
A23: WEBAPP_URL | C23: URL | D23: SYSTEM | E23: URL deployment web app | F23: FALSE | G23: TRUE
A24: AUTH_MODE | B24: USERNAME_PASSWORD | C24: TEXT | D24: SECURITY | E24: Login aplikasi memakai username dan password yang dikelola pada Sheet Sistem | F24: TRUE | G24: FALSE | H24: 2026-07-19
A25: USER_ACCOUNT_SOURCE | B25: SYSTEM_SHEET | C25: TEXT | D25: SECURITY | E25: Akun, role, unit, password, dan status aktif dikelola terpusat; bukan transaksi audit | F25: TRUE | G25: FALSE | H25: 2026-07-19
A26: SYSTEM_SHEET_STORES_TRANSACTIONS | B26: FALSE | C26: BOOLEAN | D26: DATABASE | E26: Sheet Sistem dilarang menyimpan jawaban auditee, kertas kerja, temuan, tindak lanjut, atau verifikasi | F26: TRUE | G26: FALSE | H26: 46222.352
A27: ACTIVE_AUDIT_REGULATION | B27: PMPT_39_2025 | C27: TEXT | D27: STANDARD | E27: Kriteria mutu mengacu Permendiktisaintek 39/2025 dan standar internal Polbeng yang diturunkan darinya | F27: TRUE | G27: TRUE | H27: 2026-07-19
A28: AUDIT_FILE_NAMING_PATTERN | B28: {unit_slug}_{audit_year} | C28: TEXT | D28: DATABASE | E28: Nama Google Sheet transaksi audit | F28: TRUE | G28: FALSE | H28: 2026-07-19
A29: AUDIT_FOLDER_NAMING_PATTERN | B29: {unit_slug}_{audit_year} | C29: TEXT | D29: EVIDENCE | E29: Nama folder audit unit dan tahun | F29: TRUE | G29: FALSE | H29: 2026-07-19
A30: EVIDENCE_SUBFOLDER_NAME | B30: EVIDENCE | C30: TEXT | D30: EVIDENCE | E30: Subfolder lampiran fisik | F30: TRUE | G30: TRUE | H30: 2026-07-19
A31: PRINT_SUBFOLDER_NAME | B31: CETAK | C31: TEXT | D31: REPORT | E31: Subfolder versi cetak PDF | F31: TRUE | G31: TRUE | H31: 2026-07-19
A32: CREATE_ONE_FILE_PER_UNIT_YEAR | B32: TRUE | C32: BOOLEAN | D32: DATABASE | E32: Satu Google Sheet transaksi untuk satu unit pada satu tahun audit | F32: TRUE | G32: FALSE | H32: 2026-07-19
A33: AUDITOR_UNCHANGED_PUBLISH_DIRECTLY | B33: TRUE | C33: BOOLEAN | D33: WORKFLOW | E33: Instrumen tanpa perubahan auditor langsung diterbitkan kepada auditee | F33: TRUE | G33: TRUE | H33: 2026-07-19
A34: AUDITOR_CHANGED_REQUIRES_APPROVAL | B34: TRUE | C34: BOOLEAN | D34: WORKFLOW | E34: Instrumen yang diubah auditor wajib disetujui Verifikator/P4MP | F34: TRUE | G34: TRUE | H34: 2026-07-19
A35: INSTRUMENT_APPROVER_ROLES | B35: P4MP_VERIFIKATOR|VERIFIKATOR|ADMIN_MUTU | C35: MULTI_TEXT | D35: WORKFLOW | E35: Role yang menyetujui perubahan instrumen | F35: TRUE | G35: TRUE | H35: 2026-07-19
A36: PRINT_FORMAT | B36: PDF | C36: TEXT | D36: REPORT | E36: Format versi cetak audit | F36: TRUE | G36: FALSE | H36: 2026-07-19
A37: AUDIT_FILE_TEMPLATE_VERSION | B37: 1.0 | C37: TEXT | D37: DATABASE | E37: Versi struktur file transaksi unit-tahun | F37: TRUE | G37: TRUE | H37: 2026-07-19
A38: INTERNAL_STANDARD_VERSION | B38: 2026-D1 | C38: TEXT | D38: STANDARD | E38: Versi rancangan standar internal nonakademik | F38: TRUE | G38: TRUE | H38: 2026-07-19
A39: INTERNAL_STANDARD_STATUS | B39: PROPOSED_FOR_FORMALIZATION | C39: TEXT | D39: STANDARD | E39: Status hukum rancangan standar internal | F39: TRUE | G39: FALSE | H39: 2026-07-19
A40: AUDIT_MATRIX_VERSION | B40: 2026-D1 | C40: TEXT | D40: AUDIT | E40: Versi matriks tupoksi-standar-regulasi-ISO-pertanyaan | F40: TRUE | G40: TRUE | H40: 46222.352

Sheet 02_AUDIT_FILE_REGISTRY
A1: audit_file_id | B1: audit_year | C1: unit_id | D1: unit_name | E1: audit_file_name | F1: spreadsheet_id | G1: spreadsheet_url | H1: audit_folder_id | I1: audit_folder_url | J1: evidence_folder_id | K1: print_folder_id | L1: file_status | M1: template_version | N1: created_at | O1: updated_at | P1: notes
A2: 25f27b13-a0b0-46a7-b5f7-064277dbaf3f | B2: 2026 | C2: UNIT-P3M | D2: Pusat Penelitian dan Pengabdian kepada Masyarakat | E2: p3m_2026 | F2: 1c_FcPTNrSJdVK8S67Jrg9cDxq6_Umie8tnt0XTQn3Hw | G2: https://docs.google.com/spreadsheets/d/1c_FcPTNrSJdVK8S67Jrg9cDxq6_Umie8tnt0XTQn3Hw/edit | H2: 1xKRMK3aqpGR9FFZ1DxohGZ4mHrf8M4zn | I2: https://drive.google.com/drive/folders/1xKRMK3aqpGR9FFZ1DxohGZ4mHrf8M4zn | J2: 1tbpVhkSnW46xiWLr-PNC6by__mRM-lkf | K2: 1m2D7XIvuDjXKMMG3mVmJeVL0KgcJIQ57 | L2: ACTIVE | M2: 1 | N2: 46222.373 | O2: 46222.381

Sheet 03_AUDIT_SHEET_TEMPLATE
A1: template_id | B1: sheet_code | C1: sheet_name | D1: sheet_title | E1: purpose | F1: owner_role | G1: write_roles | H1: read_roles | I1: print_source | J1: display_order | K1: active | L1: notes
A2: SHT-00 | B2: IDENTITY | C2: 00_IDENTITAS | D2: Identitas Audit | E2: Metadata audit, unit, tahun, tim, jadwal, dan status file | F2: ADMIN_MUTU | G2: ADMIN_MUTU|SEKRETARIAT | H2: * | I2: YES | J2: 0 | K2: TRUE | L2: Dibuat otomatis saat rencana audit disahkan
A3: SHT-01 | B3: INSTRUMENT | C3: 01_INSTRUMEN | D3: Instrumen Audit | E3: Salinan pertanyaan default, hasil telaah auditor, persetujuan P4MP, dan pertanyaan terbit | F3: KETUA_AUDITOR | G3: AUDITOR|KETUA_AUDITOR|VERIFIKATOR|P4MP_VERIFIKATOR|ADMIN_MUTU | H3: AUDITOR|KETUA_AUDITOR|VERIFIKATOR|P4MP_VERIFIKATOR|ADMIN_MUTU|AUDITEE | I3: YES | J3: 1 | K3: TRUE | L3: Auditee hanya melihat pertanyaan berstatus PUBLISHED
A4: SHT-02 | B4: AUDITEE_RESPONSE | C4: 02_JAWABAN_AUDITEE | D4: Jawaban Auditee | E4: Jawaban, penilaian mandiri, uraian pelaksanaan, kendala, dan pengesahan unit | F4: AUDITEE | G4: AUDITEE|KEPALA_UNIT | H4: AUDITEE|KEPALA_UNIT|AUDITOR|KETUA_AUDITOR|ADMIN_MUTU | I4: YES | J4: 2 | K4: TRUE | L4: Seluruh transaksi auditee berada di file audit unit-tahun
A5: SHT-03 | B5: EVIDENCE | C5: 03_BUKTI | D5: Register Bukti | E5: Metadata file bukti dan tautan Google Drive | F5: AUDITEE | G5: AUDITEE|KEPALA_UNIT|AUDITOR | H5: AUDITEE|KEPALA_UNIT|AUDITOR|KETUA_AUDITOR|VERIFIKATOR|ADMIN_MUTU | I5: YES | J5: 3 | K5: TRUE | L5: Berkas fisik disimpan di subfolder EVIDENCE
A6: SHT-04 | B6: WORKPAPER | C6: 04_KERTAS_KERJA | D6: Kertas Kerja Auditor | E6: Sampel, wawancara, bukti objektif, analisis, dan status kesesuaian | F6: AUDITOR | G6: AUDITOR|KETUA_AUDITOR | H6: AUDITOR|KETUA_AUDITOR|VERIFIKATOR|ADMIN_MUTU | I6: NO | J6: 4 | K6: TRUE | L6: Tidak dapat diedit oleh auditee
A7: SHT-05 | B7: FINDING | C7: 05_TEMUAN | D7: Temuan Audit | E7: Kriteria, kondisi, bukti objektif, kesenjangan, risiko, dan klasifikasi temuan | F7: KETUA_AUDITOR | G7: AUDITOR|KETUA_AUDITOR | H7: AUDITOR|KETUA_AUDITOR|AUDITEE|KEPALA_UNIT|VERIFIKATOR|ADMIN_MUTU | I7: YES | J7: 5 | K7: TRUE | L7: Kriteria harus memuat regulasi mutu dan klausul ISO proses
A8: SHT-06 | B8: FOLLOW_UP | C8: 06_TINDAK_LANJUT | D8: Tindak Lanjut | E8: Koreksi, akar penyebab, tindakan korektif, PIC, target, kemajuan, dan bukti | F8: AUDITEE | G8: AUDITEE|KEPALA_UNIT | H8: AUDITEE|KEPALA_UNIT|AUDITOR|KETUA_AUDITOR|VERIFIKATOR|ADMIN_MUTU | I8: YES | J8: 6 | K8: TRUE | L8: Data tindak lanjut berada pada file audit yang sama
A9: SHT-07 | B9: VERIFICATION | C9: 07_VERIFIKASI | D9: Verifikasi Efektivitas | E9: Verifikasi pelaksanaan, efektivitas, dan keputusan penutupan | F9: VERIFIKATOR | G9: VERIFIKATOR|P4MP_VERIFIKATOR|ADMIN_MUTU | H9: VERIFIKATOR|P4MP_VERIFIKATOR|AUDITOR|KETUA_AUDITOR|AUDITEE|KEPALA_UNIT|ADMIN_MUTU | I9: YES | J9: 7 | K9: TRUE | L9: Efektivitas dibedakan dari sekadar selesai dilaksanakan
A10: SHT-08 | B10: APPROVAL | C10: 08_PERSETUJUAN | D10: Persetujuan | E10: Riwayat keputusan auditor, P4MP, kepala unit, dan pimpinan | F10: SYSTEM | G10: SYSTEM | H10: * | I10: NO | J10: 8 | K10: TRUE | L10: Ditulis oleh workflow, bukan isian bebas
A11: SHT-09 | B11: LOG | C11: 09_LOG | D11: Log Aktivitas | E11: Jejak perubahan seluruh transaksi audit unit-tahun | F11: SYSTEM | G11: SYSTEM | H11: SUPER_ADMIN|ADMIN_MUTU|SPI_OBSERVER | I11: NO | J11: 9 | K11: TRUE | L11: Tidak disimpan pada Sheet Sistem
A12: SHT-10 | B12: SUMMARY | C12: 10_REKAP | D12: Rekap Audit | E12: Ringkasan capaian, temuan, tindak lanjut, dan sumber cetak laporan | F12: SYSTEM | G12: SYSTEM | H12: * | I12: YES | J12: 10 | K12: TRUE | L12: Dihitung dari tab transaksi dalam file audit
A13: SHT-11 | B13: PRINT_REGISTRY | C13: 11_CETAK_REGISTER | D13: Register Dokumen Cetak | E13: Versi, status, ID file, tautan, pembentuk, dan pengesah PDF | F13: SYSTEM | G13: SYSTEM | H13: SUPER_ADMIN|ADMIN_MUTU|MANAJER_AUDIT|KETUA_AUDITOR|PIMPINAN|SEKRETARIAT | I13: NO | J13: 11 | K13: TRUE | L13: PDF fisik berada di folder CETAK

Sheet 04_AUDIT_FIELD_TEMPLATE
A1: sheet_code | B1: field_name | C1: label | D1: data_type | E1: required | F1: editable_roles | G1: source | H1: lookup_key | I1: display_order | J1: active | K1: notes
A2: IDENTITY | B2: audit_id | C2: ID Audit | D2: UUID | E2: TRUE | F2: SYSTEM | G2: SYSTEM | I2: 1 | J2: TRUE | K2: Primary key audit
A3: IDENTITY | B3: audit_year | C3: Tahun Audit | D3: YEAR | E3: TRUE | F3: ADMIN_MUTU | G3: 01_CONFIG | I3: 2 | J3: TRUE
A4: IDENTITY | B4: unit_id | C4: ID Unit | D4: LOOKUP | E4: TRUE | F4: ADMIN_MUTU | G4: 12_UNITS | H4: UNIT | I4: 3 | J4: TRUE
A5: IDENTITY | B5: unit_name | C5: Nama Unit | D5: TEXT | E5: TRUE | F5: SYSTEM | G5: 12_UNITS | I5: 4 | J5: TRUE
A6: IDENTITY | B6: audit_file_name | C6: Nama File Audit | D6: TEXT | E6: TRUE | F6: SYSTEM | G6: 26_FOLDER_RULES | I6: 5 | J6: TRUE | K6: Format {unit_slug}_{audit_year}
A7: IDENTITY | B7: audit_folder_id | C7: ID Folder Audit | D7: TEXT | E7: TRUE | F7: SYSTEM | G7: DRIVE | I7: 6 | J7: TRUE
A8: IDENTITY | B8: spreadsheet_id | C8: ID Google Sheet Audit | D8: TEXT | E8: TRUE | F8: SYSTEM | G8: DRIVE | I8: 7 | J8: TRUE
A9: IDENTITY | B9: audit_status | C9: Status Audit | D9: LOOKUP | E9: TRUE | F9: ADMIN_MUTU|MANAJER_AUDIT | G9: 21_LOOKUPS | H9: AUDIT_STATUS | I9: 8 | J9: TRUE
A10: IDENTITY | B10: planned_start | C10: Rencana Mulai | D10: DATE | E10: TRUE | F10: ADMIN_MUTU | G10: USER_INPUT | I10: 9 | J10: TRUE
A11: IDENTITY | B11: planned_end | C11: Rencana Selesai | D11: DATE | E11: TRUE | F11: ADMIN_MUTU | G11: USER_INPUT | I11: 10 | J11: TRUE
A12: IDENTITY | B12: lead_auditor | C12: Ketua Auditor | D12: LOOKUP | E12: TRUE | F12: ADMIN_MUTU | G12: SYSTEM_USERS | H12: USER | I12: 11 | J12: TRUE
A13: IDENTITY | B13: auditee_head | C13: Kepala Unit | D13: LOOKUP | E13: TRUE | F13: ADMIN_MUTU | G13: SYSTEM_USERS | H13: USER | I13: 12 | J13: TRUE
A14: IDENTITY | B14: created_at | C14: Dibuat Pada | D14: DATETIME | E14: TRUE | F14: SYSTEM | G14: SYSTEM | I14: 13 | J14: TRUE
A15: INSTRUMENT | B15: audit_question_id | C15: ID Pertanyaan Audit | D15: UUID | E15: TRUE | F15: SYSTEM | G15: SYSTEM | I15: 1 | J15: TRUE
A16: INSTRUMENT | B16: source_question_id | C16: ID Pertanyaan Default | D16: LOOKUP | E16: TRUE | F16: SYSTEM | G16: 17_QUESTION_BANK | H16: QUESTION | I16: 2 | J16: TRUE
A17: INSTRUMENT | B17: question_code | C17: Kode Pertanyaan | D17: TEXT | E17: TRUE | F17: SYSTEM | G17: 17_QUESTION_BANK | I17: 3 | J17: TRUE
A18: INSTRUMENT | B18: requirement_code | C18: Kode Standar/Kriteria | D18: MULTI_LOOKUP | E18: TRUE | F18: SYSTEM | G18: 24_Q_REQUIREMENT_MAP | H18: REQUIREMENT | I18: 4 | J18: TRUE
A19: INSTRUMENT | B19: regulation_ref | C19: Rujukan Regulasi | D19: TEXT | E19: TRUE | F19: SYSTEM | G19: 16_REQUIREMENTS | I19: 5 | J19: TRUE | K19: Permendiktisaintek 39/2025 atau standar internal turunannya
A20: INSTRUMENT | B20: iso_clause | C20: Klausul ISO Proses | D20: TEXT | E20: TRUE | F20: SYSTEM | G20: 15_ISO_CLAUSES | I20: 6 | J20: TRUE
A21: INSTRUMENT | B21: unit_function_id | C21: Tupoksi Unit | D21: LOOKUP | E21: TRUE | F21: SYSTEM | G21: 13_UNIT_FUNCTIONS | H21: UNIT_FUNCTION | I21: 7 | J21: TRUE
A22: INSTRUMENT | B22: default_question | C22: Pertanyaan Default | D22: LONGTEXT | E22: TRUE | F22: SYSTEM | G22: 17_QUESTION_BANK | I22: 8 | J22: TRUE
A23: INSTRUMENT | B23: auditor_question | C23: Pertanyaan Hasil Telaah Auditor | D23: LONGTEXT | E23: TRUE | F23: AUDITOR|KETUA_AUDITOR | G23: USER_INPUT | I23: 9 | J23: TRUE
A24: INSTRUMENT | B24: change_flag | C24: Ada Perubahan | D24: BOOLEAN | E24: TRUE | F24: SYSTEM | G24: SYSTEM | I24: 10 | J24: TRUE | K24: Dihitung dengan membandingkan pertanyaan default dan hasil telaah
A25: INSTRUMENT | B25: review_status | C25: Status Review | D25: LOOKUP | E25: TRUE | F25: SYSTEM | G25: 21_LOOKUPS | H25: INSTRUMENT_STATUS | I25: 11 | J25: TRUE
A26: INSTRUMENT | B26: auditor_note | C26: Catatan Auditor | D26: LONGTEXT | E26: FALSE | F26: AUDITOR|KETUA_AUDITOR | G26: USER_INPUT | I26: 12 | J26: TRUE
A27: INSTRUMENT | B27: verifier_note | C27: Catatan Verifikator/P4MP | D27: LONGTEXT | E27: FALSE | F27: VERIFIKATOR|P4MP_VERIFIKATOR | G27: USER_INPUT | I27: 13 | J27: TRUE
A28: INSTRUMENT | B28: published_question | C28: Pertanyaan Terbit | D28: LONGTEXT | E28: FALSE | F28: SYSTEM | G28: SYSTEM | I28: 14 | J28: TRUE | K28: Hanya nilai ini ditampilkan ke auditee
A29: INSTRUMENT | B29: evidence_hint | C29: Bukti yang Diharapkan | D29: LONGTEXT | E29: FALSE | F29: AUDITOR|KETUA_AUDITOR | G29: 17_QUESTION_BANK | I29: 15 | J29: TRUE
A30: INSTRUMENT | B30: risk_level | C30: Tingkat Risiko | D30: LOOKUP | E30: TRUE | F30: AUDITOR|KETUA_AUDITOR | G30: 17_QUESTION_BANK | H30: RISK_LEVEL | I30: 16 | J30: TRUE
A31: INSTRUMENT | B31: weight | C31: Bobot | D31: NUMBER | E31: TRUE | F31: AUDITOR|KETUA_AUDITOR | G31: 17_QUESTION_BANK | I31: 17 | J31: TRUE
A32: INSTRUMENT | B32: mandatory | C32: Wajib | D32: BOOLEAN | E32: TRUE | F32: AUDITOR|KETUA_AUDITOR | G32: 17_QUESTION_BANK | I32: 18 | J32: TRUE
A33: INSTRUMENT | B33: sort_order | C33: Urutan | D33: NUMBER | E33: TRUE | F33: AUDITOR|KETUA_AUDITOR | G33: 17_QUESTION_BANK | I33: 19 | J33: TRUE
A34: AUDITEE_RESPONSE | B34: response_id | C34: ID Jawaban | D34: UUID | E34: TRUE | F34: SYSTEM | G34: SYSTEM | I34: 1 | J34: TRUE
A35: AUDITEE_RESPONSE | B35: audit_question_id | C35: ID Pertanyaan Audit | D35: LOOKUP | E35: TRUE | F35: SYSTEM | G35: 01_INSTRUMEN | H35: AUDIT_QUESTION | I35: 2 | J35: TRUE
A36: AUDITEE_RESPONSE | B36: published_question | C36: Pertanyaan | D36: LONGTEXT | E36: TRUE | F36: SYSTEM | G36: 01_INSTRUMEN | I36: 3 | J36: TRUE
A37: AUDITEE_RESPONSE | B37: self_score | C37: Skor Penilaian Mandiri | D37: NUMBER | E37: FALSE | F37: AUDITEE|KEPALA_UNIT | G37: USER_INPUT | I37: 4 | J37: TRUE
A38: AUDITEE_RESPONSE | B38: implementation_description | C38: Uraian Pelaksanaan | D38: LONGTEXT | E38: TRUE | F38: AUDITEE|KEPALA_UNIT | G38: USER_INPUT | I38: 5 | J38: TRUE
A39: AUDITEE_RESPONSE | B39: evidence_summary | C39: Ringkasan Bukti | D39: LONGTEXT | E39: FALSE | F39: AUDITEE|KEPALA_UNIT | G39: USER_INPUT | I39: 6 | J39: TRUE
A40: AUDITEE_RESPONSE | B40: constraint_note | C40: Kendala | D40: LONGTEXT | E40: FALSE | F40: AUDITEE|KEPALA_UNIT | G40: USER_INPUT | I40: 7 | J40: TRUE
A41: AUDITEE_RESPONSE | B41: response_status | C41: Status Jawaban | D41: LOOKUP | E41: TRUE | F41: SYSTEM | G41: 21_LOOKUPS | H41: RESPONSE_STATUS | I41: 8 | J41: TRUE
A42: AUDITEE_RESPONSE | B42: submitted_by | C42: Pengirim | D42: LOOKUP | E42: FALSE | F42: SYSTEM | G42: SYSTEM_USERS | H42: USER | I42: 9 | J42: TRUE
A43: AUDITEE_RESPONSE | B43: submitted_at | C43: Waktu Kirim | D43: DATETIME | E43: FALSE | F43: SYSTEM | G43: SYSTEM | I43: 10 | J43: TRUE
A44: AUDITEE_RESPONSE | B44: approved_by | C44: Pengesah Unit | D44: LOOKUP | E44: FALSE | F44: KEPALA_UNIT | G44: SYSTEM_USERS | H44: USER | I44: 11 | J44: TRUE
A45: AUDITEE_RESPONSE | B45: approved_at | C45: Waktu Pengesahan | D45: DATETIME | E45: FALSE | F45: SYSTEM | G45: SYSTEM | I45: 12 | J45: TRUE
A46: EVIDENCE | B46: evidence_id | C46: ID Bukti | D46: UUID | E46: TRUE | F46: SYSTEM | G46: SYSTEM | I46: 1 | J46: TRUE
A47: EVIDENCE | B47: evidence_code | C47: Kode Bukti | D47: TEXT | E47: TRUE | F47: SYSTEM | G47: SYSTEM | I47: 2 | J47: TRUE
A48: EVIDENCE | B48: audit_question_id | C48: ID Pertanyaan Audit | D48: LOOKUP | E48: FALSE | F48: SYSTEM | G48: 01_INSTRUMEN | H48: AUDIT_QUESTION | I48: 3 | J48: TRUE | K48: Boleh kosong untuk bukti tingkat audit/temuan
A49: EVIDENCE | B49: finding_id | C49: ID Temuan | D49: LOOKUP | E49: FALSE | F49: SYSTEM | G49: 05_TEMUAN | H49: FINDING | I49: 4 | J49: TRUE
A50: EVIDENCE | B50: evidence_type | C50: Jenis Bukti | D50: LOOKUP | E50: TRUE | F50: AUDITEE|KEPALA_UNIT|AUDITOR | G50: 21_LOOKUPS | H50: EVIDENCE_TYPE | I50: 5 | J50: TRUE
A51: EVIDENCE | B51: title | C51: Judul Bukti | D51: TEXT | E51: TRUE | F51: AUDITEE|KEPALA_UNIT|AUDITOR | G51: USER_INPUT | I51: 6 | J51: TRUE
A52: EVIDENCE | B52: file_name | C52: Nama File | D52: TEXT | E52: TRUE | F52: SYSTEM | G52: UPLOAD | I52: 7 | J52: TRUE
A53: EVIDENCE | B53: mime_type | C53: Tipe File | D53: TEXT | E53: TRUE | F53: SYSTEM | G53: UPLOAD | I53: 8 | J53: TRUE
A54: EVIDENCE | B54: file_size_bytes | C54: Ukuran File | D54: NUMBER | E54: TRUE | F54: SYSTEM | G54: UPLOAD | I54: 9 | J54: TRUE
A55: EVIDENCE | B55: drive_file_id | C55: ID File Drive | D55: TEXT | E55: TRUE | F55: SYSTEM | G55: DRIVE | I55: 10 | J55: TRUE
A56: EVIDENCE | B56: drive_url | C56: Tautan File | D56: URL | E56: TRUE | F56: SYSTEM | G56: DRIVE | I56: 11 | J56: TRUE
A57: EVIDENCE | B57: evidence_folder_id | C57: ID Folder Evidence | D57: TEXT | E57: TRUE | F57: SYSTEM | G57: 00_IDENTITAS | I57: 12 | J57: TRUE
A58: EVIDENCE | B58: document_date | C58: Tanggal Dokumen | D58: DATE | E58: FALSE | F58: AUDITEE|KEPALA_UNIT|AUDITOR | G58: USER_INPUT | I58: 13 | J58: TRUE
A59: EVIDENCE | B59: confidentiality | C59: Kerahasiaan | D59: LOOKUP | E59: TRUE | F59: AUDITEE|KEPALA_UNIT|AUDITOR | G59: 21_LOOKUPS | H59: CONFIDENTIALITY | I59: 14 | J59: TRUE
A60: EVIDENCE | B60: review_status | C60: Status Validasi | D60: LOOKUP | E60: TRUE | F60: AUDITOR|KETUA_AUDITOR|VERIFIKATOR | G60: 21_LOOKUPS | H60: EVIDENCE_REVIEW_STATUS | I60: 15 | J60: TRUE
A61: EVIDENCE | B61: uploaded_by | C61: Pengunggah | D61: LOOKUP | E61: TRUE | F61: SYSTEM | G61: 27_USERS | H61: USER | I61: 16 | J61: TRUE
A62: EVIDENCE | B62: uploaded_at | C62: Waktu Unggah | D62: DATETIME | E62: TRUE | F62: SYSTEM | G62: SYSTEM | I62: 17 | J62: TRUE
A63: EVIDENCE | B63: validated_by | C63: Validator | D63: LOOKUP | E63: FALSE | F63: SYSTEM | G63: 27_USERS | H63: USER | I63: 18 | J63: TRUE
A64: EVIDENCE | B64: validated_at | C64: Waktu Validasi | D64: DATETIME | E64: FALSE | F64: SYSTEM | G64: SYSTEM | I64: 19 | J64: TRUE
A65: EVIDENCE | B65: validation_note | C65: Catatan Validasi | D65: LONGTEXT | E65: FALSE | F65: AUDITOR|KETUA_AUDITOR|VERIFIKATOR | G65: USER_INPUT | I65: 20 | J65: TRUE
A66: WORKPAPER | B66: workpaper_id | C66: ID Kertas Kerja | D66: UUID | E66: TRUE | F66: SYSTEM | G66: SYSTEM | I66: 1 | J66: TRUE
A67: WORKPAPER | B67: audit_question_id | C67: ID Pertanyaan Audit | D67: LOOKUP | E67: TRUE | F67: SYSTEM | G67: 01_INSTRUMEN | H67: AUDIT_QUESTION | I67: 2 | J67: TRUE
A68: WORKPAPER | B68: auditor_user_id | C68: Auditor | D68: LOOKUP | E68: TRUE | F68: SYSTEM | G68: 27_USERS | H68: USER | I68: 3 | J68: TRUE
A69: WORKPAPER | B69: sample_description | C69: Sampel | D69: LONGTEXT | E69: FALSE | F69: AUDITOR|KETUA_AUDITOR | G69: USER_INPUT | I69: 4 | J69: TRUE
A70: WORKPAPER | B70: interviewee | C70: Narasumber | D70: TEXT | E70: FALSE | F70: AUDITOR|KETUA_AUDITOR | G70: USER_INPUT | I70: 5 | J70: TRUE
A71: WORKPAPER | B71: objective_evidence | C71: Bukti Objektif | D71: LONGTEXT | E71: TRUE | F71: AUDITOR|KETUA_AUDITOR | G71: USER_INPUT | I71: 6 | J71: TRUE
A72: WORKPAPER | B72: auditor_analysis | C72: Analisis Auditor | D72: LONGTEXT | E72: TRUE | F72: AUDITOR|KETUA_AUDITOR | G72: USER_INPUT | I72: 7 | J72: TRUE
A73: WORKPAPER | B73: audit_status | C73: Status Hasil | D73: LOOKUP | E73: TRUE | F73: AUDITOR|KETUA_AUDITOR | G73: 21_LOOKUPS | H73: AUDIT_RESULT_STATUS | I73: 8 | J73: TRUE
A74: WORKPAPER | B74: maturity_score | C74: Skor Auditor | D74: NUMBER | E74: FALSE | F74: AUDITOR|KETUA_AUDITOR | G74: USER_INPUT | H74: MATURITY_SCORE | I74: 9 | J74: TRUE
A75: WORKPAPER | B75: linked_evidence_ids | C75: Bukti Terkait | D75: MULTI_LOOKUP | E75: FALSE | F75: AUDITOR|KETUA_AUDITOR | G75: 03_BUKTI | H75: EVIDENCE | I75: 10 | J75: TRUE
A76: WORKPAPER | B76: created_at | C76: Dibuat Pada | D76: DATETIME | E76: TRUE | F76: SYSTEM | G76: SYSTEM | I76: 11 | J76: TRUE
A77: WORKPAPER | B77: updated_at | C77: Diubah Pada | D77: DATETIME | E77: TRUE | F77: SYSTEM | G77: SYSTEM | I77: 12 | J77: TRUE
A78: FINDING | B78: finding_id | C78: ID Temuan | D78: UUID | E78: TRUE | F78: SYSTEM | G78: SYSTEM | I78: 1 | J78: TRUE
A79: FINDING | B79: finding_code | C79: Kode Temuan | D79: TEXT | E79: TRUE | F79: SYSTEM | G79: SYSTEM | I79: 2 | J79: TRUE
A80: FINDING | B80: audit_question_id | C80: ID Pertanyaan Audit | D80: LOOKUP | E80: FALSE | F80: SYSTEM | G80: 01_INSTRUMEN | H80: AUDIT_QUESTION | I80: 3 | J80: TRUE
A81: FINDING | B81: finding_type | C81: Jenis Temuan | D81: LOOKUP | E81: TRUE | F81: AUDITOR|KETUA_AUDITOR | G81: 21_LOOKUPS | H81: FINDING_TYPE | I81: 4 | J81: TRUE
A82: FINDING | B82: criteria_regulation | C82: Kriteria Regulasi/Standar Mutu | D82: LONGTEXT | E82: TRUE | F82: AUDITOR|KETUA_AUDITOR | G82: 16_REQUIREMENTS | I82: 5 | J82: TRUE
A83: FINDING | B83: criteria_iso | C83: Klausul ISO Proses Bisnis | D83: TEXT | E83: TRUE | F83: AUDITOR|KETUA_AUDITOR | G83: 15_ISO_CLAUSES | H83: ISO_CLAUSE | I83: 6 | J83: TRUE
A84: FINDING | B84: condition | C84: Kondisi | D84: LONGTEXT | E84: TRUE | F84: AUDITOR|KETUA_AUDITOR | G84: USER_INPUT | I84: 7 | J84: TRUE
A85: FINDING | B85: objective_evidence | C85: Bukti Objektif | D85: LONGTEXT | E85: TRUE | F85: AUDITOR|KETUA_AUDITOR | G85: 04_KERTAS_KERJA | I85: 8 | J85: TRUE
A86: FINDING | B86: gap_statement | C86: Pernyataan Kesenjangan | D86: LONGTEXT | E86: TRUE | F86: AUDITOR|KETUA_AUDITOR | G86: USER_INPUT | I86: 9 | J86: TRUE
A87: FINDING | B87: risk_impact | C87: Dampak/Risiko | D87: LONGTEXT | E87: FALSE | F87: AUDITOR|KETUA_AUDITOR | G87: USER_INPUT | I87: 10 | J87: TRUE
A88: FINDING | B88: finding_status | C88: Status Temuan | D88: LOOKUP | E88: TRUE | F88: SYSTEM | G88: 21_LOOKUPS | H88: FINDING_STATUS | I88: 11 | J88: TRUE
A89: FINDING | B89: owner_user_id | C89: PIC Unit | D89: LOOKUP | E89: TRUE | F89: KETUA_AUDITOR|KEPALA_UNIT | G89: 27_USERS | H89: USER_BY_UNIT | I89: 12 | J89: TRUE
A90: FINDING | B90: due_date | C90: Batas Tindak Lanjut | D90: DATE | E90: TRUE | F90: KETUA_AUDITOR|KEPALA_UNIT | G90: USER_INPUT | I90: 13 | J90: TRUE
A91: FINDING | B91: created_by | C91: Dibuat Oleh | D91: LOOKUP | E91: TRUE | F91: SYSTEM | G91: 27_USERS | H91: USER | I91: 14 | J91: TRUE
A92: FINDING | B92: approved_by | C92: Disetujui Oleh | D92: LOOKUP | E92: FALSE | F92: SYSTEM | G92: 27_USERS | H92: USER | I92: 15 | J92: TRUE
A93: FINDING | B93: approved_at | C93: Waktu Persetujuan | D93: DATETIME | E93: FALSE | F93: SYSTEM | G93: SYSTEM | I93: 16 | J93: TRUE
A94: FOLLOW_UP | B94: action_id | C94: ID Tindakan | D94: UUID | E94: TRUE | F94: SYSTEM | G94: SYSTEM | I94: 1 | J94: TRUE
A95: FOLLOW_UP | B95: finding_id | C95: ID Temuan | D95: LOOKUP | E95: TRUE | F95: SYSTEM | G95: 05_TEMUAN | H95: FINDING | I95: 2 | J95: TRUE
A96: FOLLOW_UP | B96: correction | C96: Koreksi Langsung | D96: LONGTEXT | E96: FALSE | F96: AUDITEE|KEPALA_UNIT | G96: USER_INPUT | I96: 3 | J96: TRUE
A97: FOLLOW_UP | B97: analysis_method | C97: Metode Analisis | D97: LOOKUP | E97: TRUE | F97: AUDITEE|KEPALA_UNIT | G97: 21_LOOKUPS | H97: ROOT_CAUSE_METHOD | I97: 4 | J97: TRUE
A98: FOLLOW_UP | B98: root_cause_statement | C98: Akar Penyebab | D98: LONGTEXT | E98: TRUE | F98: AUDITEE|KEPALA_UNIT | G98: USER_INPUT | I98: 5 | J98: TRUE
A99: FOLLOW_UP | B99: corrective_action | C99: Tindakan Korektif | D99: LONGTEXT | E99: TRUE | F99: AUDITEE|KEPALA_UNIT | G99: USER_INPUT | I99: 6 | J99: TRUE
A100: FOLLOW_UP | B100: success_indicator | C100: Indikator Keberhasilan | D100: LONGTEXT | E100: TRUE | F100: AUDITEE|KEPALA_UNIT | G100: USER_INPUT | I100: 7 | J100: TRUE
...

Sheet 05_ROLES
A1: role_code | B1: role_name | C1: role_level | D1: unit_restricted | E1: description | F1: active
A2: SUPER_ADMIN | B2: Super Administrator | C2: 100 | D2: FALSE | E2: Konfigurasi penuh sistem dan database | F2: TRUE
A3: ADMIN_MUTU | B3: Administrator Mutu | C3: 90 | D3: FALSE | E3: Mengelola master standar, instrumen, program audit, dan laporan | F3: TRUE
A4: MANAJER_AUDIT | B4: Manajer Program Audit | C4: 80 | D4: FALSE | E4: Menetapkan program, ruang lingkup, tim, dan persetujuan laporan | F4: TRUE
A5: KETUA_AUDITOR | B5: Ketua Auditor | C5: 70 | D5: FALSE | E5: Mengendalikan pelaksanaan audit dan reviu temuan | F5: TRUE
A6: AUDITOR | B6: Auditor | C6: 60 | D6: FALSE | E6: Desk review, kertas kerja, pengujian, dan temuan | F6: TRUE
A7: AUDITEE | B7: Auditee/PIC | C7: 40 | D7: TRUE | E7: Mengisi penilaian mandiri dan tindak lanjut | F7: TRUE
A8: KEPALA_UNIT | B8: Kepala Unit | C8: 50 | D8: TRUE | E8: Mengesahkan jawaban unit dan rencana tindakan | F8: TRUE
A9: VERIFIKATOR | B9: Verifikator | C9: 65 | D9: FALSE | E9: Memeriksa pelaksanaan dan efektivitas tindakan | F9: TRUE
A10: PIMPINAN | B10: Pimpinan | C10: 75 | D10: FALSE | E10: Dashboard, persetujuan, dan keputusan tinjauan manajemen | F10: TRUE
A11: SPI_OBSERVER | B11: SPI/Observer | C11: 55 | D11: FALSE | E11: Akses pemantauan dan analisis pengawasan nonakademik | F11: TRUE
A12: SEKRETARIAT | B12: Sekretariat Audit | C12: 45 | D12: FALSE | E12: Administrasi jadwal, surat tugas, berita acara, dan notifikasi | F12: TRUE
A13: P4MP_VERIFIKATOR | B13: Verifikator Instrumen P4MP | C13: 68 | D13: FALSE | E13: Menelaah dan menyetujui perubahan instrumen sebelum diterbitkan kepada auditee | F13: TRUE

Sheet 06_PERMISSIONS
A1: permission_code | B1: module_code | C1: action | D1: description | E1: active
A2: SYSTEM.VIEW | B2: SYSTEM | C2: VIEW | D2: View pada modul SYSTEM | E2: TRUE
A3: SYSTEM.MANAGE | B3: SYSTEM | C3: MANAGE | D3: Manage pada modul SYSTEM | E3: TRUE
A4: MASTER.VIEW | B4: MASTER | C4: VIEW | D4: View pada modul MASTER | E4: TRUE
A5: MASTER.CREATE | B5: MASTER | C5: CREATE | D5: Create pada modul MASTER | E5: TRUE
A6: MASTER.UPDATE | B6: MASTER | C6: UPDATE | D6: Update pada modul MASTER | E6: TRUE
A7: MASTER.DEACTIVATE | B7: MASTER | C7: DEACTIVATE | D7: Deactivate pada modul MASTER | E7: TRUE
A8: MASTER.PUBLISH | B8: MASTER | C8: PUBLISH | D8: Publish pada modul MASTER | E8: TRUE
A9: AUDIT_PROGRAM.VIEW | B9: AUDIT_PROGRAM | C9: VIEW | D9: View pada modul AUDIT_PROGRAM | E9: TRUE
A10: AUDIT_PROGRAM.CREATE | B10: AUDIT_PROGRAM | C10: CREATE | D10: Create pada modul AUDIT_PROGRAM | E10: TRUE
A11: AUDIT_PROGRAM.UPDATE | B11: AUDIT_PROGRAM | C11: UPDATE | D11: Update pada modul AUDIT_PROGRAM | E11: TRUE
A12: AUDIT_PROGRAM.ASSIGN | B12: AUDIT_PROGRAM | C12: ASSIGN | D12: Assign pada modul AUDIT_PROGRAM | E12: TRUE
A13: AUDIT_PROGRAM.APPROVE | B13: AUDIT_PROGRAM | C13: APPROVE | D13: Approve pada modul AUDIT_PROGRAM | E13: TRUE
... A60: USER_ACCOUNT.RESET_PASSWORD | B60: USER_ACCOUNT | C60: RESET_PASSWORD | D60: Mengatur ulang password pengguna | E60: TRUE

Sheet 07_ROLE_PERMISSION
A1: role_code | B1: permission_code | C1: allow | D1: scope_rule | E1: notes
A2: SUPER_ADMIN | B2: SYSTEM.* | C2: TRUE | D2: ROLE_ONLY | E2: Wildcard * diurai oleh permission service
A3: SUPER_ADMIN | B3: MASTER.* | C3: TRUE | D3: ROLE_ONLY | E3: Wildcard * diurai oleh permission service
A4: SUPER_ADMIN | B4: AUDIT_PROGRAM.* | C4: TRUE | D4: ROLE_ONLY | E4: Wildcard * diurai oleh permission service
A5: SUPER_ADMIN | B5: SELF_ASSESSMENT.* | C5: TRUE | D5: ROLE_ONLY | E5: Wildcard * diurai oleh permission service
A6: SUPER_ADMIN | B6: EVIDENCE.* | C6: TRUE | D6: ROLE_ONLY | E6: Wildcard * diurai oleh permission service
A7: SUPER_ADMIN | B7: WORKPAPER.* | C7: TRUE | D7: ROLE_ONLY | E7: Wildcard * diurai oleh permission service
A8: SUPER_ADMIN | B8: FINDING.* | C8: TRUE | D8: ROLE_ONLY | E8: Wildcard * diurai oleh permission service
A9: SUPER_ADMIN | B9: CAPA.* | C9: TRUE | D9: ROLE_ONLY | E9: Wildcard * diurai oleh permission service
A10: SUPER_ADMIN | B10: REPORT.* | C10: TRUE | D10: ROLE_ONLY | E10: Wildcard * diurai oleh permission service
A11: SUPER_ADMIN | B11: DASHBOARD.* | C11: TRUE | D11: ROLE_ONLY | E11: Wildcard * diurai oleh permission service
A12: ADMIN_MUTU | B12: MASTER.* | C12: TRUE | D12: ROLE_ONLY | E12: Wildcard * diurai oleh permission service
A13: ADMIN_MUTU | B13: AUDIT_PROGRAM.* | C13: TRUE | D13: ROLE_ONLY | E13: Wildcard * diurai oleh permission service
... A129: PIMPINAN | B129: PRINT.APPROVE | C129: TRUE | D129: ROLE_ONLY | E129: Persetujuan dokumen yang memerlukan keputusan pimpinan

Sheet 08_MENU_CONFIG
A1: menu_code | B1: parent_code | C1: menu_title | D1: route | E1: icon | F1: allowed_roles | G1: display_order | H1: visibility_rule | I1: active | J1: notes
A2: DASHBOARD | C2: Dashboard | D2: /dashboard | E2: dashboard | F2: * | G2: 10 | I2: TRUE | J2: Ringkasan sesuai role dan unit
A3: MASTER | C3: Master Sistem | D3: /master | E3: settings | F3: SUPER_ADMIN|ADMIN_MUTU | G3: 20 | I3: TRUE | J3: Data master tetap berada di Sheet Sistem
A4: MASTER_ORG | B4: MASTER | C4: Organisasi dan Tupoksi | D4: /master/organization | E4: account_tree | F4: SUPER_ADMIN|ADMIN_MUTU | G4: 21 | I4: TRUE
A5: MASTER_STD | B5: MASTER | C5: Standar dan Kriteria | D5: /master/standards | E5: rule | F5: SUPER_ADMIN|ADMIN_MUTU | G5: 22 | I5: TRUE | J5: Regulasi mutu, standar internal, dan ISO proses
A6: MASTER_Q | B6: MASTER | C6: Bank Pertanyaan Default | D6: /master/questions | E6: quiz | F6: SUPER_ADMIN|ADMIN_MUTU | G6: 23 | I6: TRUE | J6: Tidak berisi jawaban audit
A7: MASTER_USERS | B7: MASTER | C7: Pengguna Sistem | D7: /master/users | E7: manage_accounts | F7: SUPER_ADMIN|ADMIN_MUTU | G7: 24 | I7: TRUE | J7: Username, password, unit, role, dan status aktif
A8: AUDIT_PROGRAM | C8: Rencana Audit | D8: /audit-programs | E8: event_note | F8: SUPER_ADMIN|ADMIN_MUTU|MANAJER_AUDIT|SEKRETARIAT | G8: 30 | I8: TRUE | J8: Rencana tetap dikelola oleh sistem
A9: AUDIT_FILE | C9: Registry File Audit | D9: /audit-files | E9: folder_copy | F9: SUPER_ADMIN|ADMIN_MUTU|MANAJER_AUDIT|SEKRETARIAT|KETUA_AUDITOR | G9: 35 | I9: TRUE | J9: Menunjuk Google Sheet nama_unit_tahunaudit
A10: INSTRUMENT_REVIEW | C10: Telaah Instrumen | D10: /instrument-review | E10: fact_check | F10: AUDITOR|KETUA_AUDITOR|VERIFIKATOR|P4MP_VERIFIKATOR|ADMIN_MUTU | G10: 40 | I10: TRUE | J10: Transaksi review disimpan di 01_INSTRUMEN file audit
A11: MY_AUDIT | C11: Audit Saya | D11: /my-audits | E11: assignment | F11: AUDITEE|KEPALA_UNIT|AUDITOR|KETUA_AUDITOR|VERIFIKATOR|P4MP_VERIFIKATOR | G11: 50 | H11: assigned_or_unit_scope=true | I11: TRUE | J11: Membuka file audit sesuai penugasan atau unit
A12: SELF_ASSESSMENT | B12: MY_AUDIT | C12: Jawaban Auditee | D12: /my-audits/:id/self-assessment | E12: edit_document | F12: AUDITEE|KEPALA_UNIT | G12: 51 | H12: instrument_status=PUBLISHED | I12: TRUE | J12: Sumber: 02_JAWABAN_AUDITEE
A13: EVIDENCE | B13: MY_AUDIT | C13: Bukti dan Lampiran | D13: /my-audits/:id/evidence | E13: folder | F13: AUDITEE|KEPALA_UNIT|AUDITOR|KETUA_AUDITOR|VERIFIKATOR|P4MP_VERIFIKATOR | G13: 52 | H13: assigned_or_unit_scope=true | I13: TRUE | J13: Sumber: 03_BUKTI; file fisik di EVIDENCE
A14: WORKPAPER | B14: MY_AUDIT | C14: Kertas Kerja Auditor | D14: /my-audits/:id/workpapers | E14: clinical_notes | F14: AUDITOR|KETUA_AUDITOR | G14: 53 | H14: assigned_audit=true | I14: TRUE | J14: Sumber: 04_KERTAS_KERJA
A15: FINDING | B15: MY_AUDIT | C15: Temuan | D15: /my-audits/:id/findings | E15: report_problem | F15: AUDITOR|KETUA_AUDITOR|AUDITEE|KEPALA_UNIT|VERIFIKATOR|P4MP_VERIFIKATOR|ADMIN_MUTU | G15: 54 | H15: assigned_or_unit_scope=true | I15: TRUE | J15: Sumber: 05_TEMUAN
A16: FOLLOW_UP | B16: MY_AUDIT | C16: Tindak Lanjut | D16: /my-audits/:id/follow-up | E16: build | F16: AUDITEE|KEPALA_UNIT|AUDITOR|KETUA_AUDITOR|VERIFIKATOR|P4MP_VERIFIKATOR | G16: 55 | H16: assigned_or_unit_scope=true | I16: TRUE | J16: Sumber: 06_TINDAK_LANJUT
A17: VERIFICATION | B17: MY_AUDIT | C17: Verifikasi Efektivitas | D17: /my-audits/:id/verification | E17: verified | F17: VERIFIKATOR|P4MP_VERIFIKATOR|AUDITOR|KETUA_AUDITOR|AUDITEE|KEPALA_UNIT | G17: 56 | H17: assigned_or_unit_scope=true | I17: TRUE | J17: Sumber: 07_VERIFIKASI
A18: PRINT | C18: Dokumen Cetak | D18: /print-documents | E18: picture_as_pdf | F18: SUPER_ADMIN|ADMIN_MUTU|MANAJER_AUDIT|KETUA_AUDITOR|PIMPINAN|SEKRETARIAT | G18: 70 | I18: TRUE | J18: PDF disimpan pada folder CETAK unit-tahun
A19: REPORT | C19: Rekap Institusi | D19: /reports | E19: analytics | F19: SUPER_ADMIN|ADMIN_MUTU|MANAJER_AUDIT|PIMPINAN|SPI_OBSERVER | G19: 80 | I19: TRUE | J19: Dibaca dari registry dan file audit, bukan transaksi di Sheet Sistem
A20: SYSTEM_LOG | C20: Log Sistem | D20: /system/logs | E20: history | F20: SUPER_ADMIN | G20: 90 | I20: TRUE | J20: Log konfigurasi; log audit berada di 09_LOG masing-masing file

Sheet 09_FORM_SCHEMA
A1: form_code | B1: section_code | C1: field_name | D1: label | E1: component_type | F1: storage_scope | G1: source_sheet_code | H1: required | I1: lookup_key | J1: editable_roles | K1: visibility_rule | L1: validation_rule | M1: display_order | N1: active | O1: notes
A2: LOGIN | B2: MAIN | C2: username | D2: Username | E2: TEXT | F2: SYSTEM | G2: 27_USERS | H2: TRUE | J2: PUBLIC | L2: minLength:3 | M2: 1 | N2: TRUE | O2: Tidak menggunakan email Google
A3: LOGIN | B3: MAIN | C3: password | D3: Password | E3: PASSWORD | F3: SYSTEM | G3: 27_USERS | H3: TRUE | J3: PUBLIC | L3: minLength:6 | M3: 2 | N3: TRUE | O3: Dicocokkan dengan kolom password pada 27_USERS
A4: USER_ACCOUNT | B4: IDENTITY | C4: username | D4: Username | E4: TEXT | F4: SYSTEM | G4: 27_USERS | H4: TRUE | J4: SUPER_ADMIN|ADMIN_MUTU | L4: unique|minLength:3 | M4: 1 | N4: TRUE
A5: USER_ACCOUNT | B5: IDENTITY | C5: password | D5: Password | E5: PASSWORD | F5: SYSTEM | G5: 27_USERS | H5: TRUE | J5: SUPER_ADMIN|ADMIN_MUTU | L5: minLength:6 | M5: 2 | N5: TRUE
A6: USER_ACCOUNT | B6: IDENTITY | C6: full_name | D6: Nama Lengkap | E6: TEXT | F6: SYSTEM | G6: 27_USERS | H6: TRUE | J6: SUPER_ADMIN|ADMIN_MUTU | L6: minLength:3 | M6: 3 | N6: TRUE
A7: USER_ACCOUNT | B7: ACCESS | C7: unit_id | D7: Unit | E7: SELECT | F7: SYSTEM | G7: 27_USERS | H7: TRUE | I7: UNIT | J7: SUPER_ADMIN|ADMIN_MUTU | M7: 10 | N7: TRUE
A8: USER_ACCOUNT | B8: ACCESS | C8: role_codes | D8: Peran | E8: MULTI_SELECT | F8: SYSTEM | G8: 27_USERS | H8: TRUE | I8: ROLE | J8: SUPER_ADMIN|ADMIN_MUTU | L8: minItems:1 | M8: 11 | N8: TRUE
A9: USER_ACCOUNT | B9: ACCESS | C9: status | D9: Status Akun | E9: SELECT | F9: SYSTEM | G9: 27_USERS | H9: TRUE | I9: ACTIVE_STATUS | J9: SUPER_ADMIN|ADMIN_MUTU | M9: 12 | N9: TRUE
A10: AUDIT_PROGRAM | B10: MAIN | C10: audit_title | D10: Judul Audit | E10: TEXT | F10: SYSTEM | G10: AUDIT_PROGRAM | H10: TRUE | J10: ADMIN_MUTU|MANAJER_AUDIT|SEKRETARIAT | L10: minLength:5 | M10: 1 | N10: TRUE | O10: Rencana audit, bukan transaksi hasil audit
A11: AUDIT_PROGRAM | B11: MAIN | C11: audit_year | D11: Tahun Audit | E11: YEAR | F11: SYSTEM | G11: AUDIT_PROGRAM | H11: TRUE | J11: ADMIN_MUTU|MANAJER_AUDIT|SEKRETARIAT | L11: fourDigitYear | M11: 2 | N11: TRUE | O11: Menentukan nama file unit-tahun
A12: AUDIT_PROGRAM | B12: MAIN | C12: unit_id | D12: Unit Auditee | E12: SELECT | F12: SYSTEM | G12: AUDIT_PROGRAM | H12: TRUE | I12: UNIT | J12: ADMIN_MUTU|MANAJER_AUDIT|SEKRETARIAT | M12: 3 | N12: TRUE
A13: AUDIT_PROGRAM | B13: MAIN | C13: risk_level | D13: Tingkat Risiko | E13: SELECT | F13: SYSTEM | G13: AUDIT_PROGRAM | H13: TRUE | I13: RISK_LEVEL | J13: ADMIN_MUTU|MANAJER_AUDIT | M13: 4 | N13: TRUE
A14: AUDIT_PROGRAM | B14: SCHEDULE | C14: planned_start | D14: Rencana Mulai | E14: DATE | F14: SYSTEM | G14: AUDIT_PROGRAM | H14: TRUE | J14: ADMIN_MUTU|MANAJER_AUDIT|SEKRETARIAT | M14: 10 | N14: TRUE
A15: AUDIT_PROGRAM | B15: SCHEDULE | C15: planned_end | D15: Rencana Selesai | E15: DATE | F15: SYSTEM | G15: AUDIT_PROGRAM | H15: TRUE | J15: ADMIN_MUTU|MANAJER_AUDIT|SEKRETARIAT | L15: after:planned_start | M15: 11 | N15: TRUE
A16: INSTRUMENT_REVIEW | B16: QUESTION | C16: auditor_question | D16: Pertanyaan Hasil Telaah | E16: TEXTAREA | F16: AUDIT_FILE | G16: 01_INSTRUMEN | H16: TRUE | J16: AUDITOR|KETUA_AUDITOR | K16: review_status=AUDITOR_REVIEW | L16: minLength:5 | M16: 1 | N16: TRUE | O16: Default berasal dari 17_QUESTION_BANK
A17: INSTRUMENT_REVIEW | B17: QUESTION | C17: evidence_hint | D17: Bukti yang Diharapkan | E17: TEXTAREA | F17: AUDIT_FILE | G17: 01_INSTRUMEN | H17: FALSE | J17: AUDITOR|KETUA_AUDITOR | K17: review_status=AUDITOR_REVIEW | M17: 2 | N17: TRUE
A18: INSTRUMENT_REVIEW | B18: QUESTION | C18: risk_level | D18: Tingkat Risiko | E18: SELECT | F18: AUDIT_FILE | G18: 01_INSTRUMEN | H18: TRUE | I18: RISK_LEVEL | J18: AUDITOR|KETUA_AUDITOR | K18: review_status=AUDITOR_REVIEW | M18: 3 | N18: TRUE
A19: INSTRUMENT_REVIEW | B19: QUESTION | C19: weight | D19: Bobot | E19: NUMBER | F19: AUDIT_FILE | G19: 01_INSTRUMEN | H19: TRUE | J19: AUDITOR|KETUA_AUDITOR | K19: review_status=AUDITOR_REVIEW | L19: min:1|max:3 | M19: 4 | N19: TRUE
A20: INSTRUMENT_REVIEW | B20: QUESTION | C20: mandatory | D20: Wajib | E20: CHECKBOX | F20: AUDIT_FILE | G20: 01_INSTRUMEN | H20: TRUE | J20: AUDITOR|KETUA_AUDITOR | K20: review_status=AUDITOR_REVIEW | M20: 5 | N20: TRUE
A21: INSTRUMENT_REVIEW | B21: REVIEW | C21: auditor_note | D21: Alasan Perubahan | E21: TEXTAREA | F21: AUDIT_FILE | G21: 01_INSTRUMEN | H21: FALSE | J21: AUDITOR|KETUA_AUDITOR | K21: change_flag=TRUE | L21: requiredWhen:change_flag=true | M21: 10 | N21: TRUE
A22: INSTRUMENT_APPROVAL | B22: DECISION | C22: decision | D22: Keputusan | E22: RADIO | F22: AUDIT_FILE | G22: 08_PERSETUJUAN | H22: TRUE | I22: APPROVAL_DECISION | J22: VERIFIKATOR|P4MP_VERIFIKATOR|ADMIN_MUTU | K22: instrument_status=PENDING_P4MP | M22: 1 | N22: TRUE
A23: INSTRUMENT_APPROVAL | B23: DECISION | C23: verifier_note | D23: Catatan Verifikator/P4MP | E23: TEXTAREA | F23: AUDIT_FILE | G23: 01_INSTRUMEN | H23: TRUE | J23: VERIFIKATOR|P4MP_VERIFIKATOR|ADMIN_MUTU | K23: instrument_status=PENDING_P4MP | L23: minLength:3 | M23: 2 | N23: TRUE
A24: SELF_ASSESSMENT | B24: QUESTION | C24: self_score | D24: Skor Penilaian Mandiri | E24: RADIO | F24: AUDIT_FILE | G24: 02_JAWABAN_AUDITEE | H24: FALSE | I24: MATURITY_SCORE | J24: AUDITEE|KEPALA_UNIT | K24: instrument_status=PUBLISHED | M24: 1 | N24: TRUE
A25: SELF_ASSESSMENT | B25: QUESTION | C25: implementation_description | D25: Uraian Pelaksanaan | E25: TEXTAREA | F25: AUDIT_FILE | G25: 02_JAWABAN_AUDITEE | H25: TRUE | J25: AUDITEE|KEPALA_UNIT | K25: instrument_status=PUBLISHED | L25: minLength:10 | M25: 2 | N25: TRUE
A26: SELF_ASSESSMENT | B26: QUESTION | C26: evidence_summary | D26: Ringkasan Bukti | E26: TEXTAREA | F26: AUDIT_FILE | G26: 02_JAWABAN_AUDITEE | H26: FALSE | J26: AUDITEE|KEPALA_UNIT | K26: instrument_status=PUBLISHED | M26: 3 | N26: TRUE
A27: SELF_ASSESSMENT | B27: QUESTION | C27: constraint_note | D27: Kendala | E27: TEXTAREA | F27: AUDIT_FILE | G27: 02_JAWABAN_AUDITEE | H27: FALSE | J27: AUDITEE|KEPALA_UNIT | K27: instrument_status=PUBLISHED | M27: 4 | N27: TRUE
A28: SELF_ASSESSMENT | B28: EVIDENCE | C28: evidence_files | D28: Lampiran Bukti | E28: FILE_MULTI | F28: AUDIT_FILE | G28: 03_BUKTI | H28: FALSE | I28: EVIDENCE_TYPE | J28: AUDITEE|KEPALA_UNIT | K28: instrument_status=PUBLISHED | L28: maxFiles:10|maxSizeConfig:MAX_UPLOAD_MB | M28: 10 | N28: TRUE | O28: File di folder EVIDENCE; metadata di 03_BUKTI
A29: WORKPAPER | B29: TEST | C29: sample_description | D29: Sampel yang Diperiksa | E29: TEXTAREA | F29: AUDIT_FILE | G29: 04_KERTAS_KERJA | H29: FALSE | J29: AUDITOR|KETUA_AUDITOR | K29: assigned_audit=true | M29: 1 | N29: TRUE
A30: WORKPAPER | B30: TEST | C30: objective_evidence | D30: Bukti Objektif | E30: TEXTAREA | F30: AUDIT_FILE | G30: 04_KERTAS_KERJA | H30: TRUE | J30: AUDITOR|KETUA_AUDITOR | K30: assigned_audit=true | L30: minLength:5 | M30: 2 | N30: TRUE
A31: WORKPAPER | B31: TEST | C31: auditor_analysis | D31: Analisis Auditor | E31: TEXTAREA | F31: AUDIT_FILE | G31: 04_KERTAS_KERJA | H31: TRUE | J31: AUDITOR|KETUA_AUDITOR | K31: assigned_audit=true | L31: minLength:10 | M31: 3 | N31: TRUE
A32: WORKPAPER | B32: RESULT | C32: audit_status | D32: Status Hasil | E32: SELECT | F32: AUDIT_FILE | G32: 04_KERTAS_KERJA | H32: TRUE | I32: AUDIT_RESULT_STATUS | J32: AUDITOR|KETUA_AUDITOR | K32: assigned_audit=true | M32: 10 | N32: TRUE
A33: WORKPAPER | B33: RESULT | C33: maturity_score | D33: Skor Auditor | E33: NUMBER | F33: AUDIT_FILE | G33: 04_KERTAS_KERJA | H33: FALSE | I33: MATURITY_SCORE | J33: AUDITOR|KETUA_AUDITOR | K33: assigned_audit=true | L33: min:0|max:4 | M33: 11 | N33: TRUE
A34: FINDING | B34: CRITERIA | C34: criteria_regulation | D34: Kriteria Regulasi/Standar Mutu | E34: TEXTAREA | F34: AUDIT_FILE | G34: 05_TEMUAN | H34: TRUE | J34: AUDITOR|KETUA_AUDITOR | L34: minLength:5 | M34: 1 | N34: TRUE | O34: Permendiktisaintek 39/2025 atau standar internal turunannya
A35: FINDING | B35: CRITERIA | C35: criteria_iso | D35: Klausul ISO Proses Bisnis | E35: TEXT | F35: AUDIT_FILE | G35: 05_TEMUAN | H35: TRUE | I35: ISO_CLAUSE | J35: AUDITOR|KETUA_AUDITOR | M35: 2 | N35: TRUE
A36: FINDING | B36: MAIN | C36: finding_type | D36: Jenis Temuan | E36: SELECT | F36: AUDIT_FILE | G36: 05_TEMUAN | H36: TRUE | I36: FINDING_TYPE | J36: AUDITOR|KETUA_AUDITOR | M36: 3 | N36: TRUE
A37: FINDING | B37: MAIN | C37: condition | D37: Kondisi | E37: TEXTAREA | F37: AUDIT_FILE | G37: 05_TEMUAN | H37: TRUE | J37: AUDITOR|KETUA_AUDITOR | L37: minLength:5 | M37: 4 | N37: TRUE
A38: FINDING | B38: MAIN | C38: objective_evidence | D38: Bukti Objektif | E38: TEXTAREA | F38: AUDIT_FILE | G38: 05_TEMUAN | H38: TRUE | J38: AUDITOR|KETUA_AUDITOR | L38: minLength:5 | M38: 5 | N38: TRUE
A39: FINDING | B39: MAIN | C39: gap_statement | D39: Pernyataan Kesenjangan | E39: TEXTAREA | F39: AUDIT_FILE | G39: 05_TEMUAN | H39: TRUE | J39: AUDITOR|KETUA_AUDITOR | L39: minLength:5 | M39: 6 | N39: TRUE
A40: FINDING | B40: MAIN | C40: risk_impact | D40: Dampak/Risiko | E40: TEXTAREA | F40: AUDIT_FILE | G40: 05_TEMUAN | H40: FALSE | J40: AUDITOR|KETUA_AUDITOR | M40: 7 | N40: TRUE
A41: FINDING | B41: FOLLOWUP | C41: owner_user_id | D41: PIC Unit | E41: SELECT | F41: AUDIT_FILE | G41: 05_TEMUAN | H41: TRUE | I41: USER_BY_UNIT | J41: KETUA_AUDITOR|KEPALA_UNIT | M41: 10 | N41: TRUE
A42: FINDING | B42: FOLLOWUP | C42: due_date | D42: Batas Tindak Lanjut | E42: DATE | F42: AUDIT_FILE | G42: 05_TEMUAN | H42: TRUE | J42: KETUA_AUDITOR|KEPALA_UNIT | M42: 11 | N42: TRUE
A43: FOLLOW_UP | B43: ROOT_CAUSE | C43: analysis_method | D43: Metode Analisis | E43: SELECT | F43: AUDIT_FILE | G43: 06_TINDAK_LANJUT | H43: TRUE | I43: ROOT_CAUSE_METHOD | J43: AUDITEE|KEPALA_UNIT | M43: 1 | N43: TRUE
A44: FOLLOW_UP | B44: ROOT_CAUSE | C44: root_cause_statement | D44: Akar Penyebab | E44: TEXTAREA | F44: AUDIT_FILE | G44: 06_TINDAK_LANJUT | H44: TRUE | J44: AUDITEE|KEPALA_UNIT | L44: minLength:10 | M44: 2 | N44: TRUE
A45: FOLLOW_UP | B45: ACTION | C45: correction | D45: Koreksi Langsung | E45: TEXTAREA | F45: AUDIT_FILE | G45: 06_TINDAK_LANJUT | H45: FALSE | J45: AUDITEE|KEPALA_UNIT | M45: 10 | N45: TRUE
A46: FOLLOW_UP | B46: ACTION | C46: corrective_action | D46: Tindakan Korektif | E46: TEXTAREA | F46: AUDIT_FILE | G46: 06_TINDAK_LANJUT | H46: TRUE | J46: AUDITEE|KEPALA_UNIT | L46: minLength:10 | M46: 11 | N46: TRUE
A47: FOLLOW_UP | B47: ACTION | C47: success_indicator | D47: Indikator Keberhasilan | E47: TEXTAREA | F47: AUDIT_FILE | G47: 06_TINDAK_LANJUT | H47: TRUE | J47: AUDITEE|KEPALA_UNIT | L47: minLength:5 | M47: 12 | N47: TRUE
A48: FOLLOW_UP | B48: ACTION | C48: pic_user_id | D48: PIC | E48: SELECT | F48: AUDIT_FILE | G48: 06_TINDAK_LANJUT | H48: TRUE | I48: USER_BY_UNIT | J48: AUDITEE|KEPALA_UNIT | M48: 13 | N48: TRUE
A49: FOLLOW_UP | B49: ACTION | C49: target_date | D49: Target Selesai | E49: DATE | F49: AUDIT_FILE | G49: 06_TINDAK_LANJUT | H49: TRUE | J49: AUDITEE|KEPALA_UNIT | M49: 14 | N49: TRUE
A50: FOLLOW_UP | B50: PROGRESS | C50: progress_percent | D50: Kemajuan (%) | E50: NUMBER | F50: AUDIT_FILE | G50: 06_TINDAK_LANJUT | H50: TRUE | J50: AUDITEE|KEPALA_UNIT | L50: min:0|max:100 | M50: 20 | N50: TRUE
A51: FOLLOW_UP | B51: PROGRESS | C51: progress_note | D51: Uraian Kemajuan | E51: TEXTAREA | F51: AUDIT_FILE | G51: 06_TINDAK_LANJUT | H51: TRUE | J51: AUDITEE|KEPALA_UNIT | L51: minLength:5 | M51: 21 | N51: TRUE
A52: FOLLOW_UP | B52: PROGRESS | C52: progress_evidence | D52: Bukti Kemajuan | E52: FILE_MULTI | F52: AUDIT_FILE | G52: 03_BUKTI | H52: FALSE | I52: EVIDENCE_TYPE | J52: AUDITEE|KEPALA_UNIT | L52: maxFiles:10 | M52: 22 | N52: TRUE
A53: VERIFICATION | B53: MAIN | C53: implementation_result | D53: Hasil Pelaksanaan | E53: TEXTAREA | F53: AUDIT_FILE | G53: 07_VERIFIKASI | H53: TRUE | J53: VERIFIKATOR|P4MP_VERIFIKATOR | L53: minLength:10 | M53: 1 | N53: TRUE
A54: VERIFICATION | B54: MAIN | C54: effectiveness_result | D54: Hasil Efektivitas | E54: TEXTAREA | F54: AUDIT_FILE | G54: 07_VERIFIKASI | H54: TRUE | J54: VERIFIKATOR|P4MP_VERIFIKATOR | L54: minLength:10 | M54: 2 | N54: TRUE
A55: VERIFICATION | B55: MAIN | C55: verification_status | D55: Status Verifikasi | E55: SELECT | F55: AUDIT_FILE | G55: 07_VERIFIKASI | H55: TRUE | I55: VERIFICATION_STATUS | J55: VERIFIKATOR|P4MP_VERIFIKATOR | M55: 3 | N55: TRUE
A56: VERIFICATION | B56: MAIN | C56: next_review_date | D56: Tanggal Tinjau Ulang | E56: DATE | F56: AUDIT_FILE | G56: 07_VERIFIKASI | H56: FALSE | J56: VERIFIKATOR|P4MP_VERIFIKATOR | K56: verification_status=EFFECTIVE_WITH_MONITORING | M56: 4 | N56: TRUE
A57: PRINT_DOCUMENT | B57: MAIN | C57: print_code | D57: Jenis Dokumen | E57: SELECT | F57: AUDIT_FILE | G57: PRINT_REGISTRY | H57: TRUE | I57: PRINT_TEMPLATE | J57: ADMIN_MUTU|KETUA_AUDITOR|SEKRETARIAT | M57: 1 | N57: TRUE
A58: PRINT_DOCUMENT | B58: MAIN | C58: version | D58: Versi | E58: NUMBER | F58: AUDIT_FILE | G58: PRINT_REGISTRY | H58: TRUE | J58: SYSTEM | L58: min:1 | M58: 2 | N58: TRUE
A59: PRINT_DOCUMENT | B59: MAIN | C59: print_status | D59: Status Cetak | E59: SELECT | F59: AUDIT_FILE | G59: PRINT_REGISTRY | H59: TRUE | I59: PRINT_STATUS | J59: ADMIN_MUTU|MANAJER_AUDIT|PIMPINAN | M59: 3 | N59: TRUE

Sheet 10_WORKFLOW
A1: workflow_code | B1: workflow_name | C1: entity_type | D1: initial_status | E1: final_statuses | F1: description | G1: active
A2: AUDIT_FILE_LIFECYCLE | B2: Siklus File Audit Unit-Tahun | C2: AUDIT_FILE | D2: NOT_CREATED | E2: ARCHIVED|CANCELLED | F2: Pembuatan folder, Google Sheet transaksi, subfolder bukti, subfolder cetak, dan registrasi ID | G2: TRUE
A3: INSTRUMENT_REVIEW_LIFECYCLE | B3: Telaah dan Penerbitan Instrumen | C3: AUDIT_INSTRUMENT | D3: GENERATED | E3: PUBLISHED|CANCELLED | F3: Pertanyaan default ditelaah auditor; perubahan wajib disetujui Verifikator/P4MP sebelum terbit | G3: TRUE
A4: AUDIT_LIFECYCLE | B4: Siklus Audit | C4: AUDIT_PROGRAM | D4: DRAFT | E4: CLOSED|CANCELLED | F4: Rencana audit, penerbitan instrumen, penilaian mandiri, audit auditor, laporan, tindak lanjut, dan penutupan | G4: TRUE
A5: SELF_ASSESSMENT_LIFECYCLE | B5: Penilaian Mandiri Auditee | C5: SELF_ASSESSMENT | D5: NOT_STARTED | E5: APPROVED | F5: Jawaban auditee hanya dibuka setelah instrumen berstatus PUBLISHED | G5: TRUE
A6: FINDING_LIFECYCLE | B6: Siklus Temuan | C6: FINDING | D6: DRAFT | E6: CLOSED|VOID | F6: Perumusan, pengesahan, penyampaian, tindak lanjut, verifikasi, dan penutupan temuan | G6: TRUE
A7: CAPA_LIFECYCLE | B7: Siklus Tindak Lanjut | C7: CORRECTIVE_ACTION | D7: DRAFT | E7: EFFECTIVE|REJECTED | F7: Koreksi, akar penyebab, tindakan korektif, pelaksanaan, dan verifikasi efektivitas | G7: TRUE
A8: PRINT_LIFECYCLE | B8: Siklus Dokumen Cetak | C8: PRINT_DOCUMENT | D8: DRAFT | E8: FINAL|SUPERSEDED | F8: PDF berversi disimpan di folder CETAK pada folder audit unit-tahun | G8: TRUE

Sheet 11_STATUS_TRANS
A1: workflow_code | B1: from_status | C1: action_code | D1: to_status | E1: allowed_roles | F1: required_fields | G1: condition_rule | H1: notification_rule | I1: display_order | J1: active
A2: AUDIT_FILE_LIFECYCLE | B2: NOT_CREATED | C2: CREATE_AUDIT_FILE | D2: CREATED | E2: ADMIN_MUTU|SEKRETARIAT | F2: unit_id|audit_year|planned_start|planned_end | G2: audit_program_status=PLANNED | H2: NTF_AUDIT_FILE_CREATED | I2: 10 | J2: TRUE
A3: AUDIT_FILE_LIFECYCLE | B3: CREATED | C3: ACTIVATE_FILE | D3: ACTIVE | E3: ADMIN_MUTU|SEKRETARIAT | F3: spreadsheet_id|audit_folder_id|evidence_folder_id|print_folder_id | G3: registry_written=true | H3: NTF_AUDIT_FILE_ACTIVE | I3: 20 | J3: TRUE
A4: AUDIT_FILE_LIFECYCLE | B4: ACTIVE | C4: ARCHIVE_FILE | D4: ARCHIVED | E4: ADMIN_MUTU | F4: audit_status=CLOSED | G4: all_print_documents_final=true | H4: NTF_AUDIT_FILE_ARCHIVED | I4: 30 | J4: TRUE
A5: INSTRUMENT_REVIEW_LIFECYCLE | B5: GENERATED | C5: START_AUDITOR_REVIEW | D5: AUDITOR_REVIEW | E5: AUDITOR|KETUA_AUDITOR | F5: audit_question_count>0 | G5: audit_file_status=ACTIVE | H5: NTF_INSTRUMENT_REVIEW | I5: 10 | J5: TRUE
A6: INSTRUMENT_REVIEW_LIFECYCLE | B6: AUDITOR_REVIEW | C6: PUBLISH_UNCHANGED | D6: PUBLISHED | E6: AUDITOR|KETUA_AUDITOR | F6: all_questions_reviewed=true | G6: change_count=0 | H6: NTF_INSTRUMENT_PUBLISHED | I6: 20 | J6: TRUE
A7: INSTRUMENT_REVIEW_LIFECYCLE | B7: AUDITOR_REVIEW | C7: SUBMIT_CHANGED | D7: PENDING_P4MP | E7: AUDITOR|KETUA_AUDITOR | F7: all_questions_reviewed=true|auditor_note=true | G7: change_count>0 | H7: NTF_INSTRUMENT_APPROVAL_REQUEST | I7: 30 | J7: TRUE
A8: INSTRUMENT_REVIEW_LIFECYCLE | B8: PENDING_P4MP | C8: APPROVE_CHANGES | D8: APPROVED | E8: VERIFIKATOR|P4MP_VERIFIKATOR|ADMIN_MUTU | F8: decision_note=true | G8: changed_questions_checked=true | H8: NTF_INSTRUMENT_APPROVED | I8: 40 | J8: TRUE
A9: INSTRUMENT_REVIEW_LIFECYCLE | B9: PENDING_P4MP | C9: RETURN_CHANGES | D9: RETURNED | E9: VERIFIKATOR|P4MP_VERIFIKATOR|ADMIN_MUTU | F9: decision_note=true | H9: NTF_INSTRUMENT_RETURNED | I9: 50 | J9: TRUE
A10: INSTRUMENT_REVIEW_LIFECYCLE | B10: RETURNED | C10: RESUBMIT_CHANGES | D10: PENDING_P4MP | E10: AUDITOR|KETUA_AUDITOR | F10: auditor_note=true | G10: returned_items_resolved=true | H10: NTF_INSTRUMENT_RESUBMITTED | I10: 60 | J10: TRUE
A11: INSTRUMENT_REVIEW_LIFECYCLE | B11: APPROVED | C11: PUBLISH_APPROVED | D11: PUBLISHED | E11: VERIFIKATOR|P4MP_VERIFIKATOR|ADMIN_MUTU | F11: approval_record=true | H11: NTF_INSTRUMENT_PUBLISHED | I11: 70 | J11: TRUE
A12: AUDIT_LIFECYCLE | B12: DRAFT | C12: APPROVE_PROGRAM | D12: PLANNED | E12: ADMIN_MUTU|MANAJER_AUDIT | F12: unit_id|audit_year|planned_start|planned_end | G12: team_exists=true | H12: NTF_AUDIT_PLANNED | I12: 10 | J12: TRUE
A13: AUDIT_LIFECYCLE | B13: PLANNED | C13: PREPARE_AUDIT_FILE | D13: FILE_PREPARATION | E13: ADMIN_MUTU|SEKRETARIAT | F13: unit_id|audit_year | G13: audit_file_status=NOT_CREATED | H13: NTF_AUDIT_FILE_PREPARE | I13: 20 | J13: TRUE
A14: AUDIT_LIFECYCLE | B14: FILE_PREPARATION | C14: START_INSTRUMENT_REVIEW | D14: INSTRUMENT_REVIEW | E14: ADMIN_MUTU|KETUA_AUDITOR | F14: spreadsheet_id|audit_folder_id | G14: audit_file_status=ACTIVE | H14: NTF_INSTRUMENT_REVIEW | I14: 30 | J14: TRUE
A15: AUDIT_LIFECYCLE | B15: INSTRUMENT_REVIEW | C15: OPEN_SELF_ASSESSMENT | D15: SELF_ASSESSMENT | E15: ADMIN_MUTU|MANAJER_AUDIT | F15: instrument_status=PUBLISHED | H15: NTF_SELF_ASSESSMENT_OPEN | I15: 40 | J15: TRUE
A16: AUDIT_LIFECYCLE | B16: SELF_ASSESSMENT | C16: START_DESK_REVIEW | D16: DESK_REVIEW | E16: KETUA_AUDITOR | F16: self_assessment_status=APPROVED | H16: NTF_DESK_REVIEW | I16: 50 | J16: TRUE
A17: AUDIT_LIFECYCLE | B17: DESK_REVIEW | C17: START_FIELD_AUDIT | D17: FIELD_AUDIT | E17: KETUA_AUDITOR | F17: schedule_confirmed=true | H17: NTF_FIELD_AUDIT | I17: 60 | J17: TRUE
A18: AUDIT_LIFECYCLE | B18: FIELD_AUDIT | C18: SUBMIT_REPORT | D18: REPORT_REVIEW | E18: KETUA_AUDITOR | F18: workpapers_complete=true | H18: NTF_REPORT_REVIEW | I18: 70 | J18: TRUE
A19: AUDIT_LIFECYCLE | B19: REPORT_REVIEW | C19: APPROVE_REPORT | D19: FOLLOW_UP | E19: MANAJER_AUDIT|PIMPINAN | F19: report_approved=true | H19: NTF_REPORT_APPROVED | I19: 80 | J19: TRUE
A20: AUDIT_LIFECYCLE | B20: FOLLOW_UP | C20: CLOSE_AUDIT | D20: CLOSED | E20: MANAJER_AUDIT | F20: all_findings_closed=true|print_documents_final=true | H20: NTF_AUDIT_CLOSED | I20: 90 | J20: TRUE
A21: SELF_ASSESSMENT_LIFECYCLE | B21: NOT_STARTED | C21: START | D21: IN_PROGRESS | E21: AUDITEE | G21: instrument_status=PUBLISHED | I21: 10 | J21: TRUE
A22: SELF_ASSESSMENT_LIFECYCLE | B22: IN_PROGRESS | C22: SUBMIT | D22: SUBMITTED | E22: AUDITEE | F22: mandatory_questions_complete=true | H22: NTF_SA_SUBMITTED | I22: 20 | J22: TRUE
A23: SELF_ASSESSMENT_LIFECYCLE | B23: SUBMITTED | C23: APPROVE | D23: APPROVED | E23: KEPALA_UNIT | H23: NTF_SA_APPROVED | I23: 30 | J23: TRUE
A24: SELF_ASSESSMENT_LIFECYCLE | B24: SUBMITTED | C24: RETURN | D24: IN_PROGRESS | E24: KEPALA_UNIT | F24: decision_note=true | H24: NTF_SA_RETURNED | I24: 40 | J24: TRUE
A25: FINDING_LIFECYCLE | B25: DRAFT | C25: SUBMIT_FINDING | D25: REVIEW | E25: AUDITOR | F25: criteria_regulation|criteria_iso|condition|objective_evidence|gap_statement | H25: NTF_FINDING_REVIEW | I25: 10 | J25: TRUE
A26: FINDING_LIFECYCLE | B26: REVIEW | C26: APPROVE_FINDING | D26: OPEN | E26: KETUA_AUDITOR | H26: NTF_FINDING_OPEN | I26: 20 | J26: TRUE
A27: FINDING_LIFECYCLE | B27: OPEN | C27: SUBMIT_CAPA | D27: CAPA_REVIEW | E27: AUDITEE|KEPALA_UNIT | F27: root_cause_statement|corrective_action | H27: NTF_CAPA_REVIEW | I27: 30 | J27: TRUE
A28: FINDING_LIFECYCLE | B28: CAPA_REVIEW | C28: APPROVE_CAPA | D28: IMPLEMENTATION | E28: KETUA_AUDITOR|MANAJER_AUDIT | H28: NTF_CAPA_APPROVED | I28: 40 | J28: TRUE
A29: FINDING_LIFECYCLE | B29: IMPLEMENTATION | C29: REQUEST_VERIFICATION | D29: VERIFICATION | E29: AUDITEE|KEPALA_UNIT | F29: progress_percent=100 | H29: NTF_VERIFICATION_REQUEST | I29: 50 | J29: TRUE
A30: FINDING_LIFECYCLE | B30: VERIFICATION | C30: CLOSE_EFFECTIVE | D30: CLOSED | E30: VERIFIKATOR|P4MP_VERIFIKATOR | F30: verification_status=EFFECTIVE | H30: NTF_FINDING_CLOSED | I30: 60 | J30: TRUE
A31: FINDING_LIFECYCLE | B31: VERIFICATION | C31: RETURN_ACTION | D31: IMPLEMENTATION | E31: VERIFIKATOR|P4MP_VERIFIKATOR | F31: verification_status=NOT_EFFECTIVE | H31: NTF_ACTION_RETURNED | I31: 70 | J31: TRUE
A32: PRINT_LIFECYCLE | B32: DRAFT | C32: GENERATE_PDF | D32: GENERATED | E32: SYSTEM | F32: source_sheets_ready=true | H32: NTF_PRINT_GENERATED | I32: 10 | J32: TRUE
A33: PRINT_LIFECYCLE | B33: GENERATED | C33: APPROVE_PRINT | D33: FINAL | E33: ADMIN_MUTU|MANAJER_AUDIT|PIMPINAN | F33: approval_required=true | G33: pdf_saved_in_print_folder=true | H33: NTF_PRINT_FINAL | I33: 20 | J33: TRUE

Sheet 12_UNITS
A1: unit_id | B1: unit_code | C1: unit_name | D1: parent_unit_code | E1: unit_type | F1: legal_basis | G1: effective_from | H1: effective_to | I1: active | J1: description
A2: UNIT-POLBENG | B2: POLBENG | C2: Politeknik Negeri Bengkalis | E2: INSTITUTION | F2: Permendikbudristek 43/2022 | G2: 44777 | I2: TRUE | J2: Entitas induk
A3: UNIT-DIR | B3: DIREKTORAT | C3: Direktorat | D3: POLBENG | E3: DIRECTORATE | F3: Permendikbudristek 43/2022 | G3: 44777 | I3: TRUE | J3: Pimpinan institusi
A4: UNIT-WD1 | B4: WADIR1 | C4: Wakil Direktur Bidang Akademik | D4: DIREKTORAT | E4: LEADERSHIP | F4: Permendikbudristek 43/2022 | G4: 44777 | I4: TRUE | J4: Koordinasi bidang akademik
A5: UNIT-WD2 | B5: WADIR2 | C5: Wakil Direktur Bidang Umum dan Keuangan | D5: DIREKTORAT | E5: LEADERSHIP | F5: Permendikbudristek 43/2022 | G5: 44777 | I5: TRUE | J5: Koordinasi umum dan keuangan
A6: UNIT-WD3 | B6: WADIR3 | C6: Wakil Direktur Bidang Kemahasiswaan dan Kerja Sama | D6: DIREKTORAT | E6: LEADERSHIP | F6: Permendikbudristek 43/2022 | G6: 44777 | I6: TRUE | J6: Koordinasi kemahasiswaan dan kerja sama
A7: UNIT-BAKPK | B7: BAG_AKPK | C7: Bagian Akademik, Kemahasiswaan, Perencanaan, dan Kerja Sama | D7: DIREKTORAT | E7: DIVISION | F7: Permendikbudristek 43/2022 | G7: 44777 | I7: TRUE | J7: Administrasi akademik, kemahasiswaan, perencanaan, dan kerja sama
A8: UNIT-BUK | B8: BAG_UK | C8: Bagian Umum dan Keuangan | D8: DIREKTORAT | E8: DIVISION | F8: Permendikbudristek 43/2022 | G8: 44777 | I8: TRUE | J8: Administrasi umum, kepegawaian, keuangan, dan BMN
A9: UNIT-P3M | B9: P3M | C9: Pusat Penelitian dan Pengabdian kepada Masyarakat | D9: DIREKTORAT | E9: CENTER | F9: Permendikbudristek 43/2022 | G9: 44777 | I9: TRUE | J9: Pengelolaan penelitian dan pengabdian
A10: UNIT-P4MP | B10: P4MP | C10: Pusat Pengembangan Pembelajaran dan Penjaminan Mutu Pendidikan | D10: DIREKTORAT | E10: CENTER | F10: Permendikbudristek 43/2022 | G10: 44777 | I10: TRUE | J10: Pengembangan pembelajaran dan penjaminan mutu
A11: UNIT-SPI | B11: SPI | C11: Satuan Pengawas Internal | D11: DIREKTORAT | E11: OVERSIGHT | F11: Permendiktisaintek 57/2025 | G11: 46022 | I11: TRUE | J11: Pengawasan internal bidang nonakademik
A12: UNIT-UPAP | B12: UPA_PERPUS | C12: UPA Perpustakaan | D12: DIREKTORAT | E12: UPA | F12: Permendikbudristek 43/2022 | G12: 44777 | I12: TRUE | J12: Layanan perpustakaan
A13: UNIT-UPTI | B13: UPA_TI | C13: UPA Teknologi Informasi | D13: DIREKTORAT | E13: UPA | F13: Permendikbudristek 43/2022 | G13: 44777 | I13: TRUE | J13: Layanan TIK dan sistem informasi
A14: UNIT-UPTM | B14: UPA_TPPA | C14: UPA Teknologi Permesinan dan Peralatan Penunjang Akademik | D14: DIREKTORAT | E14: UPA | F14: Permendikbudristek 43/2022 | G14: 44777 | I14: TRUE | J14: Pemeliharaan dan pelayanan mesin/peralatan
... A25: UNIT-JB | B25: JUR_BAHASA | C25: Jurusan Bahasa | D25: DIREKTORAT | E25: DEPARTMENT | F25: Permendikbudristek 43/2022 | G25: 44777 | I25: TRUE | J25: Jurusan

Sheet 13_UNIT_FUNCTIONS
A1: function_id | B1: unit_code | C1: function_code | D1: function_statement | E1: source_standard | F1: source_reference | G1: risk_level | H1: active
A2: F-DIR-01 | B2: DIREKTORAT | C2: LEADERSHIP | D2: Menetapkan kebijakan, sasaran, sumber daya, dan pengendalian tata kelola institusi | E2: STATUTA_POLBENG_2025 | F2: Pimpinan dan tata kelola | G2: HIGH | H2: TRUE
A3: F-WD1-01 | B3: WADIR1 | C3: COORD_ACADEMIC | D3: Mengoordinasikan pelaksanaan tugas bidang akademik dan penjaminan mutu pendidikan | E3: OTK_POLBENG_2022 | F3: Wakil Direktur bidang akademik | G3: HIGH | H3: TRUE
A4: F-WD2-01 | B4: WADIR2 | C4: COORD_GENERAL_FINANCE | D4: Mengoordinasikan administrasi umum, kepegawaian, keuangan, aset, dan fasilitas | E4: OTK_POLBENG_2022 | F4: Wakil Direktur bidang umum dan keuangan | G4: HIGH | H4: TRUE
A5: F-WD3-01 | B5: WADIR3 | C5: COORD_STUDENT_COOP | D5: Mengoordinasikan kemahasiswaan, alumni, kerja sama, dan hubungan eksternal | E5: OTK_POLBENG_2022 | F5: Wakil Direktur bidang kemahasiswaan dan kerja sama | G5: MEDIUM | H5: TRUE
A6: F-BAKPK-01 | B6: BAG_AKPK | C6: ACADEMIC_ADMIN | D6: Melaksanakan administrasi akademik, data, statistik, dan layanan mahasiswa | E6: OTK_POLBENG_2022 | F6: Bagian AKPK | G6: HIGH | H6: TRUE
A7: F-BAKPK-02 | B7: BAG_AKPK | C7: PLANNING | D7: Melaksanakan penyusunan rencana, program, anggaran, dan evaluasi capaian | E7: OTK_POLBENG_2022 | F7: Bagian AKPK | G7: HIGH | H7: TRUE
A8: F-BAKPK-03 | B8: BAG_AKPK | C8: COOPERATION | D8: Melaksanakan administrasi dan pemantauan kerja sama | E8: OTK_POLBENG_2022 | F8: Bagian AKPK | G8: MEDIUM | H8: TRUE
A9: F-BAKPK-04 | B9: BAG_AKPK | C9: STUDENT_SERVICE | D9: Melaksanakan administrasi kemahasiswaan, alumni, dan layanan informasi terkait | E9: OTK_POLBENG_2022 | F9: Bagian AKPK | G9: MEDIUM | H9: TRUE
A10: F-BUK-01 | B10: BAG_UK | C10: FINANCE | D10: Melaksanakan perencanaan dan pengelolaan keuangan serta pelaporan | E10: OTK_POLBENG_2022 | F10: Bagian Umum dan Keuangan | G10: HIGH | H10: TRUE
A11: F-BUK-02 | B11: BAG_UK | C11: HR | D11: Melaksanakan administrasi kepegawaian dan pengembangan SDM | E11: OTK_POLBENG_2022 | F11: Bagian Umum dan Keuangan | G11: HIGH | H11: TRUE
A12: F-BUK-03 | B12: BAG_UK | C12: GENERAL_ADMIN | D12: Melaksanakan persuratan, kearsipan, hukum, organisasi, dan tata laksana | E12: OTK_POLBENG_2022 | F12: Bagian Umum dan Keuangan | G12: MEDIUM | H12: TRUE
A13: F-BUK-04 | B13: BAG_UK | C13: ASSET_FACILITY | D13: Melaksanakan pengelolaan BMN, rumah tangga, keamanan, dan fasilitas | E13: OTK_POLBENG_2022 | F13: Bagian Umum dan Keuangan | G13: HIGH | H13: TRUE
... A43: F-BAHASA-02 | B43: JUR_BAHASA | C43: LAB_FACILITY | D43: Mengelola penggunaan, keselamatan, pemeliharaan, dan inventaris fasilitas jurusan | E43: OTK_POLBENG_2022 | F43: Fungsi jurusan | G43: HIGH | H43: TRUE

Sheet 14_STANDARDS
A1: standard_id | B1: standard_code | C1: standard_name | D1: version | E1: standard_axis | F1: status | G1: effective_from | H1: source_url | I1: notes | J1: active
A2: STD-PMPT-39 | B2: PMPT_39_2025 | C2: Penjaminan Mutu Pendidikan Tinggi | D2: Permendiktisaintek 39/2025 | E2: AUDIT_CRITERIA | F2: CURRENT | G2: 2025-09-02 | H2: https://peraturan.go.id/id/permendiktisaintek-no-39-tahun-2025 | I2: Dasar regulasi penjaminan mutu; menggantikan Permendikbudristek 53/2023 | J2: TRUE
A3: STD-ISO-9001 | B3: ISO9001_2015_A1_2024 | C3: Quality Management Systems — Requirements | D3: ISO 9001:2015 + Amd 1:2024 | E3: PROCESS_CONTROL | F3: CURRENT | G3: 2015-09-01 | H3: https://www.iso.org/standard/62085.html | I3: Digunakan untuk pendekatan proses, risiko, pengendalian, evaluasi, dan perbaikan proses bisnis | J3: TRUE
A4: STD-OTK | B4: OTK_POLBENG_2022 | C4: Organisasi dan Tata Kerja Politeknik Negeri Bengkalis | D4: Permendikbudristek 43/2022 | E4: UNIT_MANDATE | F4: CURRENT | G4: 2022-08-04 | H4: https://peraturan.go.id/id/permendikbudristek-no-43-tahun-2022 | I4: Dasar nama unit dan tupoksi | J4: TRUE
A5: STD-STATUTA | B5: STATUTA_POLBENG_2025 | C5: Statuta Politeknik Negeri Bengkalis | D5: Permendiktisaintek 57/2025 | E5: GOVERNANCE | F5: CURRENT | G5: 2025-12-31 | H5: https://peraturan.bpk.go.id/Details/345239/permendikti-saintek-no-57-tahun-2025 | I5: Dasar tata kelola Polbeng, SPI, dan penjaminan mutu internal | J5: TRUE
A6: STD-INTERNAL | B6: SPT_POLBENG_2026_D1 | C6: Rancangan Standar Internal Nonakademik Polbeng | D6: 2026-D1 | E6: AUDIT_CRITERIA_DETAIL | F6: PROPOSED_FOR_FORMALIZATION | G6: 2026-07-19 | I6: Terdiri atas 25 rancangan standar pada 28_INTERNAL_STANDARDS; digunakan untuk desain instrumen sampai dokumen resmi Polbeng ditetapkan. | J6: TRUE

Sheet 15_ISO_CLAUSES
A1: clause_id | B1: standard_code | C1: clause_no | D1: clause_theme | E1: paraphrased_requirement | F1: audit_focus | G1: amendment_note | H1: active
A2: ISO-4.1 | B2: ISO9001_2015_A1_2024 | C2: 4.1 | D2: Konteks organisasi | E2: Menentukan isu internal dan eksternal yang memengaruhi kemampuan sistem mutu. | F2: Analisis konteks, perubahan regulasi, risiko strategis. | G2: Pertimbangkan relevansi perubahan iklim. | H2: TRUE
A3: ISO-4.2 | B3: ISO9001_2015_A1_2024 | C3: 4.2 | D3: Pihak berkepentingan | E3: Menentukan pihak berkepentingan dan kebutuhan yang relevan terhadap sistem mutu. | F3: Pemetaan pengguna, regulator, mitra, pegawai, dan kebutuhan layanan. | G3: Pihak berkepentingan dapat memiliki persyaratan terkait perubahan iklim. | H3: TRUE
A4: ISO-4.3 | B4: ISO9001_2015_A1_2024 | C4: 4.3 | D4: Ruang lingkup sistem | E4: Menetapkan batas, penerapan, unit, proses, dan pengecualian sistem mutu. | F4: Ruang lingkup audit dan layanan. | H4: TRUE
A5: ISO-4.4 | B5: ISO9001_2015_A1_2024 | C5: 4.4 | D5: Proses sistem mutu | E5: Menetapkan proses, interaksi, kriteria, sumber daya, tanggung jawab, risiko, dan evaluasi. | F5: Peta proses, SOP, indikator, PIC. | H5: TRUE
A6: ISO-5.1.1 | B6: ISO9001_2015_A1_2024 | C6: 5.1.1 | D6: Kepemimpinan | E6: Pimpinan menunjukkan akuntabilitas, integrasi mutu, penyediaan sumber daya, dan dukungan perbaikan. | F6: Bukti keputusan, alokasi sumber daya, evaluasi. | H6: TRUE
A7: ISO-5.1.2 | B7: ISO9001_2015_A1_2024 | C7: 5.1.2 | D7: Fokus pelanggan | E7: Pimpinan memastikan persyaratan pengguna dipahami dan kepuasan ditingkatkan. | F7: Standar layanan dan keluhan. | H7: TRUE
A8: ISO-5.2 | B8: ISO9001_2015_A1_2024 | C8: 5.2 | D8: Kebijakan mutu | E8: Kebijakan sesuai konteks, memberi kerangka sasaran, dikomunikasikan, dan dipelihara. | F8: Kebijakan, sosialisasi, pemahaman. | H8: TRUE
A9: ISO-5.3 | B9: ISO9001_2015_A1_2024 | C9: 5.3 | D9: Peran dan kewenangan | E9: Tanggung jawab dan kewenangan ditetapkan, dikomunikasikan, dan dipahami. | F9: Struktur, uraian jabatan, delegasi. | H9: TRUE
A10: ISO-6.1 | B10: ISO9001_2015_A1_2024 | C10: 6.1 | D10: Risiko dan peluang | E10: Menentukan risiko/peluang, merencanakan tindakan, mengintegrasikan, dan mengevaluasi efektivitasnya. | F10: Register risiko dan mitigasi. | H10: TRUE
A11: ISO-6.2 | B11: ISO9001_2015_A1_2024 | C11: 6.2 | D11: Sasaran mutu | E11: Menetapkan sasaran terukur, PIC, sumber daya, waktu, metode evaluasi, dan pembaruan. | F11: IKU/indikator unit. | H11: TRUE
A12: ISO-6.3 | B12: ISO9001_2015_A1_2024 | C12: 6.3 | D12: Perencanaan perubahan | E12: Perubahan sistem direncanakan dengan mempertimbangkan tujuan, dampak, integritas, sumber daya, dan kewenangan. | F12: Perubahan struktur, aplikasi, SOP. | H12: TRUE
A13: ISO-7.1.1 | B13: ISO9001_2015_A1_2024 | C13: 7.1.1 | D13: Sumber daya umum | E13: Menentukan dan menyediakan sumber daya untuk sistem dan proses. | F13: Anggaran, personel, sarana. | H13: TRUE
A14: ISO-7.1.2 | B14: ISO9001_2015_A1_2024 | C14: 7.1.2 | D14: Sumber daya manusia | E14: Menyediakan orang yang diperlukan untuk operasi dan pengendalian proses. | F14: Analisis beban dan penempatan. | H14: TRUE
A15: ISO-7.1.3 | B15: ISO9001_2015_A1_2024 | C15: 7.1.3 | D15: Infrastruktur | E15: Menyediakan dan memelihara gedung, alat, perangkat lunak, transportasi, dan TIK. | F15: Inventaris, pemeliharaan, ketersediaan. | H15: TRUE
A16: ISO-7.1.4 | B16: ISO9001_2015_A1_2024 | C16: 7.1.4 | D16: Lingkungan operasi | E16: Menyediakan lingkungan fisik, sosial, dan psikologis yang sesuai untuk proses. | F16: K3, keamanan, kenyamanan. | H16: TRUE
A17: ISO-7.1.5 | B17: ISO9001_2015_A1_2024 | C17: 7.1.5 | D17: Sumber daya pemantauan | E17: Memastikan alat ukur dan pemantauan sesuai, dipelihara, dan dapat ditelusuri. | F17: Kalibrasi dan validasi alat. | H17: TRUE
A18: ISO-7.1.6 | B18: ISO9001_2015_A1_2024 | C18: 7.1.6 | D18: Pengetahuan organisasi | E18: Menentukan, memelihara, menyediakan, dan memperbarui pengetahuan yang diperlukan. | F18: SOP, lesson learned, serah terima. | H18: TRUE
A19: ISO-7.2 | B19: ISO9001_2015_A1_2024 | C19: 7.2 | D19: Kompetensi | E19: Menentukan kompetensi, memastikan kemampuan, mengambil tindakan, dan menyimpan bukti. | F19: Kualifikasi, pelatihan, evaluasi. | H19: TRUE
A20: ISO-7.3 | B20: ISO9001_2015_A1_2024 | C20: 7.3 | D20: Kesadaran | E20: Personel memahami kebijakan, sasaran, kontribusi, dan akibat ketidaksesuaian. | F20: Sosialisasi dan pemahaman. | H20: TRUE
A21: ISO-7.4 | B21: ISO9001_2015_A1_2024 | C21: 7.4 | D21: Komunikasi | E21: Menentukan apa, kapan, dengan siapa, bagaimana, dan siapa yang berkomunikasi. | F21: Matriks komunikasi. | H21: TRUE
A22: ISO-7.5.1 | B22: ISO9001_2015_A1_2024 | C22: 7.5.1 | D22: Informasi terdokumentasi | E22: Menentukan dokumen dan rekaman yang diperlukan untuk efektivitas sistem. | F22: Daftar dokumen dan rekaman. | H22: TRUE
A23: ISO-7.5.2 | B23: ISO9001_2015_A1_2024 | C23: 7.5.2 | D23: Pembuatan dokumen | E23: Memastikan identitas, format, media, tinjauan, dan persetujuan dokumen. | F23: Kode, versi, pengesahan. | H23: TRUE
A24: ISO-7.5.3 | B24: ISO9001_2015_A1_2024 | C24: 7.5.3 | D24: Pengendalian dokumen | E24: Mengendalikan distribusi, akses, penyimpanan, perubahan, retensi, dan pemusnahan. | F24: Versi, akses, arsip, backup. | H24: TRUE
A25: ISO-8.1 | B25: ISO9001_2015_A1_2024 | C25: 8.1 | D25: Perencanaan operasi | E25: Merencanakan dan mengendalikan proses layanan, kriteria, sumber daya, bukti, serta perubahan. | F25: Rencana layanan dan kontrol operasional. | H25: TRUE
A26: ISO-8.2 | B26: ISO9001_2015_A1_2024 | C26: 8.2 | D26: Persyaratan layanan | E26: Mengelola komunikasi, kebutuhan pengguna, tinjauan persyaratan, dan perubahan. | F26: Standar layanan, persyaratan, keluhan. | H26: TRUE
A27: ISO-8.3 | B27: ISO9001_2015_A1_2024 | C27: 8.3 | D27: Desain dan pengembangan | E27: Mengendalikan perencanaan, input, kontrol, output, dan perubahan desain layanan/sistem. | F27: Pengembangan aplikasi, layanan baru. | H27: TRUE
A28: ISO-8.4 | B28: ISO9001_2015_A1_2024 | C28: 8.4 | D28: Penyedia eksternal | E28: Mengendalikan pemilihan, evaluasi, persyaratan, dan verifikasi penyedia. | F28: Pengadaan dan vendor. | H28: TRUE
A29: ISO-8.5.1 | B29: ISO9001_2015_A1_2024 | C29: 8.5.1 | D29: Penyediaan layanan | E29: Melaksanakan layanan dalam kondisi terkendali dengan dokumen, kompetensi, infrastruktur, pemantauan, dan pencegahan kesalahan. | F29: Pelaksanaan SOP dan verifikasi. | H29: TRUE
A30: ISO-8.5.2 | B30: ISO9001_2015_A1_2024 | C30: 8.5.2 | D30: Identifikasi dan ketertelusuran | E30: Mengidentifikasi keluaran dan statusnya serta menjaga ketertelusuran bila diperlukan. | F30: Nomor dokumen, tiket, transaksi. | H30: TRUE
A31: ISO-8.5.3 | B31: ISO9001_2015_A1_2024 | C31: 8.5.3 | D31: Milik pengguna/penyedia | E31: Menjaga, memverifikasi, melindungi, dan melaporkan kerusakan milik pihak lain. | F31: Data pribadi, dokumen, barang pinjaman. | H31: TRUE
A32: ISO-8.5.4 | B32: ISO9001_2015_A1_2024 | C32: 8.5.4 | D32: Preservasi | E32: Menjaga keluaran selama proses dan penyerahan. | F32: Penyimpanan dokumen, koleksi, barang. | H32: TRUE
A33: ISO-8.5.5 | B33: ISO9001_2015_A1_2024 | C33: 8.5.5 | D33: Kegiatan pascalayanan | E33: Menentukan kegiatan setelah layanan berdasarkan risiko, regulasi, dan umpan balik. | F33: Dukungan, garansi, pemeliharaan. | H33: TRUE
A34: ISO-8.5.6 | B34: ISO9001_2015_A1_2024 | C34: 8.5.6 | D34: Pengendalian perubahan operasi | E34: Meninjau dan mengendalikan perubahan layanan serta menyimpan bukti. | F34: Change log dan persetujuan. | H34: TRUE
A35: ISO-8.6 | B35: ISO9001_2015_A1_2024 | C35: 8.6 | D35: Pelepasan keluaran | E35: Memverifikasi pemenuhan persyaratan sebelum layanan/keluaran diserahkan. | F35: Pengesahan dokumen dan hasil. | H35: TRUE
A36: ISO-8.7 | B36: ISO9001_2015_A1_2024 | C36: 8.7 | D36: Keluaran tidak sesuai | E36: Mengidentifikasi, mengendalikan, memperbaiki, dan merekam ketidaksesuaian. | F36: Kesalahan layanan dan koreksi. | H36: TRUE
A37: ISO-9.1.1 | B37: ISO9001_2015_A1_2024 | C37: 9.1.1 | D37: Pemantauan dan analisis | E37: Menentukan apa yang diukur, metode, waktu, analisis, dan evaluasi. | F37: Indikator dan kualitas data. | H37: TRUE
A38: ISO-9.1.2 | B38: ISO9001_2015_A1_2024 | C38: 9.1.2 | D38: Kepuasan pengguna | E38: Memantau persepsi pengguna terhadap pemenuhan kebutuhan dan harapan. | F38: Survei dan keluhan. | H38: TRUE
A39: ISO-9.1.3 | B39: ISO9001_2015_A1_2024 | C39: 9.1.3 | D39: Analisis dan evaluasi | E39: Menganalisis kesesuaian, kepuasan, efektivitas, kinerja penyedia, risiko, dan perbaikan. | F39: Dashboard dan tren. | H39: TRUE
A40: ISO-9.2 | B40: ISO9001_2015_A1_2024 | C40: 9.2 | D40: Audit internal | E40: Merencanakan, melaksanakan, melaporkan, dan menindaklanjuti audit dengan objektivitas. | F40: Program audit, kompetensi, tindak lanjut. | H40: TRUE
A41: ISO-9.3 | B41: ISO9001_2015_A1_2024 | C41: 9.3 | D41: Tinjauan manajemen | E41: Pimpinan meninjau perubahan, kinerja, audit, sumber daya, risiko, dan peluang perbaikan. | F41: Agenda, keputusan, tindak lanjut. | H41: TRUE
A42: ISO-10.1 | B42: ISO9001_2015_A1_2024 | C42: 10.1 | D42: Perbaikan umum | E42: Menentukan dan memilih peluang perbaikan produk, layanan, dan sistem. | F42: Program perbaikan. | H42: TRUE
A43: ISO-10.2 | B43: ISO9001_2015_A1_2024 | C43: 10.2 | D43: Ketidaksesuaian dan tindakan korektif | E43: Mengendalikan masalah, menganalisis penyebab, mengambil tindakan, menilai efektivitas, dan memperbarui risiko/dokumen. | F43: Akar masalah, CAPA, verifikasi. | H43: TRUE
A44: ISO-10.3 | B44: ISO9001_2015_A1_2024 | C44: 10.3 | D44: Perbaikan berkelanjutan | E44: Terus meningkatkan kesesuaian, kecukupan, dan efektivitas sistem. | F44: Tren dan inovasi proses. | H44: TRUE

Sheet 16_REQUIREMENTS
A1: requirement_id | B1: requirement_code | C1: requirement_axis | D1: requirement_statement | E1: source_standard_id | F1: source_ref | G1: applicable_scope | H1: risk_level | I1: evidence_category | J1: mapping_status | K1: active | L1: notes
A2: REQ-REG-001 | B2: REG-SN-DIKTI | C2: REGULATORY_STANDARD | D2: Penyelenggaraan mutu perguruan tinggi harus selaras dengan Standar Nasional Pendidikan Tinggi yang berlaku. | E2: STD-PMPT-39 | F2: Pasal 3-63 | G2: ALL | H2: HIGH | I2: STANDARD | J2: ARTICLE_MAPPED | K2: TRUE | L2: Rujukan payung SN Dikti; instrumen nonakademik menggunakan standar internal yang relevan.
A3: REQ-REG-002 | B3: REG-SPT-PT | C3: REGULATORY_STANDARD | D3: Polbeng menetapkan dan menjalankan standar pendidikan tinggi serta standar internal yang relevan dengan penyelenggaraan dan layanan institusi. | E3: STD-PMPT-39 | F3: Pasal 64 | G3: ALL | H3: HIGH | I3: STANDARD | J3: ARTICLE_MAPPED | K3: TRUE | L3: Standar perguruan tinggi merupakan penjabaran operasional dan pelampauan SN Dikti yang ditetapkan sesuai Pasal 64.
A4: REQ-REG-003 | B4: REG-SPM-DIKTI | C4: REGULATORY_STANDARD | D4: Penjaminan mutu dilaksanakan sebagai sistem yang terencana, terdokumentasi, berbasis data, dievaluasi, dan ditingkatkan. | E4: STD-PMPT-39 | F4: Pasal 65 | G4: ALL | H4: HIGH | I4: QUALITY_SYSTEM | J4: ARTICLE_MAPPED | K4: TRUE | L4: SPM Dikti mengevaluasi pemenuhan dan relevansi SN Dikti serta standar perguruan tinggi.
A5: REQ-REG-004 | B5: REG-SPMI | C5: REGULATORY_STANDARD | D5: Perguruan tinggi mengelola penetapan, pelaksanaan, evaluasi, pengendalian, dan peningkatan standar melalui SPMI. | E5: STD-PMPT-39 | F5: Pasal 66-69 | G5: ALL | H5: HIGH | I5: PPEPP | J5: ARTICLE_MAPPED | K5: TRUE | L5: SPMI mencakup data, tata kelola, PPEPP, AMI, dan fasilitasi implementasi.
A6: REQ-REG-005 | B6: REG-SPME | C6: REGULATORY_STANDARD | D6: Data dan hasil SPMI mendukung penjaminan mutu eksternal serta akreditasi yang relevan. | E6: STD-PMPT-39 | F6: Pasal 70-110 | G6: P4MP|PIMPINAN | H6: MEDIUM | I6: ACCREDITATION | J6: ARTICLE_MAPPED | K6: TRUE | L6: SPME dilaksanakan melalui akreditasi; dipakai pada proses yang berhubungan dengan akreditasi dan pelaporan mutu.
A7: REQ-REG-006 | B7: REG-PDDIKTI | C7: REGULATORY_STANDARD | D7: Data pendidikan tinggi dan data pendukung mutu dikelola secara benar, lengkap, konsisten, mutakhir, dan dapat ditelusuri. | E7: STD-PMPT-39 | F7: Pasal 111-113 | G7: DATA|TI|AKADEMIK|P4MP | H7: HIGH | I7: DATA | J7: ARTICLE_MAPPED | K7: TRUE | L7: PD Dikti merupakan sumber data dan informasi utama bagi implementasi SPM Dikti.
A8: REQ-INT-001 | B8: INT-NONAKADEMIK | C8: INTERNAL_STANDARD | D8: Setiap unit diaudit terhadap standar nonakademik Polbeng yang ditetapkan sesuai tupoksi, indikator, target, dan risiko proses. | E8: STD-INTERNAL | F8: Pasal 64; 28_INTERNAL_STANDARDS versi 2026-D1 | G8: ALL | H8: HIGH | I8: STANDARD | J8: DRAFT_MAPPED | K8: TRUE | L8: Rancangan standar internal aplikasi telah dipetakan; formalisasi tetap memerlukan penetapan pimpinan setelah pertimbangan Senat.
A9: REQ-ISO-001 | B9: ISO-CONTEXT | C9: ISO_PROCESS | D9: Unit mengidentifikasi isu internal, eksternal, regulasi, dan perubahan yang relevan terhadap pelaksanaan fungsi. | E9: STD-ISO-9001 | F9: 4.1 | G9: ALL | H9: HIGH | I9: PLAN | J9: MAPPED | K9: TRUE
A10: REQ-ISO-002 | B10: ISO-STAKEHOLDER | C10: ISO_PROCESS | D10: Unit mengidentifikasi pihak berkepentingan dan kebutuhan yang relevan terhadap layanan. | E10: STD-ISO-9001 | F10: 4.2 | G10: ALL | H10: MEDIUM | I10: CONTEXT | J10: MAPPED | K10: TRUE
A11: REQ-ISO-003 | B11: ISO-PROCESS | C11: ISO_PROCESS | D11: Setiap fungsi unit diterjemahkan menjadi proses, input, output, PIC, kriteria, indikator, risiko, dan interaksi. | E11: STD-ISO-9001 | F11: 4.4 | G11: ALL | H11: HIGH | I11: PROCESS | J11: MAPPED | K11: TRUE
A12: REQ-ISO-004 | B12: ISO-LEADERSHIP | C12: ISO_PROCESS | D12: Pimpinan memastikan tanggung jawab, kewenangan, fokus pengguna, dan dukungan terhadap sistem mutu. | E12: STD-ISO-9001 | F12: 5.1|5.3 | G12: LEADERSHIP|ALL | H12: HIGH | I12: GOVERNANCE | J12: MAPPED | K12: TRUE
A13: REQ-ISO-005 | B13: ISO-RISK | C13: ISO_PROCESS | D13: Risiko dan peluang proses dinilai, ditangani, dan dievaluasi efektivitasnya. | E13: STD-ISO-9001 | F13: 6.1 | G13: ALL | H13: HIGH | I13: RISK | J13: MAPPED | K13: TRUE
A14: REQ-ISO-006 | B14: ISO-OBJECTIVE | C14: ISO_PROCESS | D14: Sasaran unit terukur, mempunyai PIC, sumber daya, waktu, metode evaluasi, dan tindak lanjut. | E14: STD-ISO-9001 | F14: 6.2 | G14: ALL | H14: HIGH | I14: PLAN | J14: MAPPED | K14: TRUE
A15: REQ-ISO-007 | B15: ISO-RESOURCE | C15: ISO_PROCESS | D15: Kebutuhan personel, kompetensi, infrastruktur, lingkungan kerja, pengetahuan, dan alat ukur dipenuhi. | E15: STD-ISO-9001 | F15: 7.1|7.2 | G15: ALL | H15: HIGH | I15: RESOURCE | J15: MAPPED | K15: TRUE
A16: REQ-ISO-008 | B16: ISO-AWARENESS-COMM | C16: ISO_PROCESS | D16: Kesadaran personel dan komunikasi internal maupun eksternal dikendalikan sesuai kebutuhan proses. | E16: STD-ISO-9001 | F16: 7.3|7.4 | G16: ALL | H16: MEDIUM | I16: COMMUNICATION | J16: MAPPED | K16: TRUE
A17: REQ-ISO-009 | B17: ISO-DOCUMENT | C17: ISO_PROCESS | D17: Dokumen dan rekaman dikendalikan berdasarkan identitas, versi, akses, retensi, perlindungan, dan pemusnahan. | E17: STD-ISO-9001 | F17: 7.5 | G17: ALL | H17: HIGH | I17: DOCUMENT | J17: MAPPED | K17: TRUE
A18: REQ-ISO-010 | B18: ISO-OPERATION | C18: ISO_PROCESS | D18: Proses layanan direncanakan, persyaratan ditinjau, perubahan dikendalikan, dan hasil diverifikasi. | E18: STD-ISO-9001 | F18: 8.1|8.2|8.5|8.6 | G18: ALL | H18: HIGH | I18: SERVICE | J18: MAPPED | K18: TRUE
A19: REQ-ISO-011 | B19: ISO-VENDOR | C19: ISO_PROCESS | D19: Penyedia eksternal dipilih, dievaluasi, diberi persyaratan jelas, dan diverifikasi hasilnya. | E19: STD-ISO-9001 | F19: 8.4 | G19: PROCUREMENT|ALL | H19: HIGH | I19: VENDOR | J19: MAPPED | K19: TRUE
A20: REQ-ISO-012 | B20: ISO-NONCONFORMITY | C20: ISO_PROCESS | D20: Keluaran atau layanan yang tidak sesuai diidentifikasi, dikendalikan, dan ditindaklanjuti. | E20: STD-ISO-9001 | F20: 8.7 | G20: ALL | H20: HIGH | I20: CONTROL | J20: MAPPED | K20: TRUE
... A25: REQ-ISO-017 | B25: ISO-IMPROVEMENT | C25: ISO_PROCESS | D25: Unit menunjukkan peningkatan berkelanjutan berdasarkan data, evaluasi, hasil audit, dan pembelajaran. | E25: STD-ISO-9001 | F25: 10.3 | G25: ALL | H25: MEDIUM | I25: IMPROVEMENT | J25: MAPPED | K25: TRUE

Sheet 17_QUESTION_BANK
A1: question_id | B1: question_code | C1: module_code | D1: question_text | E1: audit_objective | F1: iso_clause | G1: applicable_scope | H1: evidence_hint | I1: test_method | J1: risk_level | K1: weight | L1: mandatory | M1: answer_type | N1: active
A2: Q-0001 | B2: U-GOV-01 | C2: GOV | D2: Apakah unit memiliki dasar pembentukan dan rumusan tugas serta fungsi yang masih berlaku? | E2: Memastikan legitimasi dan kejelasan mandat unit. | F2: 5.3 | G2: ALL | H2: OTK/statuta/SK pembentukan, uraian tugas | I2: Telaah dokumen|Wawancara | J2: HIGH | K2: 3 | L2: TRUE | M2: MATURITY_0_4 | N2: TRUE
A3: Q-0002 | B3: U-GOV-02 | C3: GOV | D3: Apakah struktur, jabatan, kewenangan, dan hubungan kerja unit telah ditetapkan? | E3: Menilai kejelasan akuntabilitas. | F3: 5.3 | G3: ALL | H3: Struktur organisasi, uraian jabatan, delegasi | I3: Telaah dokumen|Wawancara | J3: HIGH | K3: 3 | L3: TRUE | M3: MATURITY_0_4 | N3: TRUE
A4: Q-0003 | B4: U-GOV-03 | C4: GOV | D4: Apakah seluruh fungsi unit telah diterjemahkan menjadi proses atau kegiatan operasional? | E4: Memastikan fungsi dijalankan melalui proses yang terdefinisi. | F4: 4.4 | G4: ALL | H4: Peta proses, SOP, program kerja | I4: Telaah dokumen|Penelusuran proses | J4: HIGH | K4: 3 | L4: TRUE | M4: MATURITY_0_4 | N4: TRUE
A5: Q-0004 | B5: U-GOV-04 | C5: GOV | D5: Apakah hubungan dan titik serah proses dengan unit lain telah diidentifikasi? | E5: Menilai pengendalian interaksi antarproses. | F5: 4.4 | G5: ALL | H5: Peta proses lintas unit, SLA internal | I5: Telaah dokumen|Wawancara | J5: MEDIUM | K5: 2 | L5: TRUE | M5: MATURITY_0_4 | N5: TRUE
A6: Q-0005 | B6: U-GOV-05 | C6: GOV | D6: Apakah unit memiliki rencana kerja tahunan yang diturunkan dari sasaran institusi? | E6: Menilai keselarasan perencanaan unit. | F6: 6.2 | G6: ALL | H6: Renstra, rencana kerja, perjanjian kinerja | I6: Telaah dokumen | J6: HIGH | K6: 3 | L6: TRUE | M6: MATURITY_0_4 | N6: TRUE
A7: Q-0006 | B7: U-GOV-06 | C7: GOV | D7: Apakah setiap program mempunyai indikator, target, PIC, jadwal, dan sumber daya? | E7: Menilai keterukuran dan kelayakan program. | F7: 6.2 | G7: ALL | H7: Matriks program, indikator, anggaran | I7: Telaah dokumen|Uji petik | J7: HIGH | K7: 3 | L7: TRUE | M7: MATURITY_0_4 | N7: TRUE
A8: Q-0007 | B8: U-GOV-07 | C8: GOV | D8: Apakah capaian program dievaluasi secara berkala? | E8: Menilai pemantauan kinerja. | F8: 9.1.1 | G8: ALL | H8: Laporan berkala, dashboard, notulen | I8: Telaah rekaman|Analisis data | J8: HIGH | K8: 3 | L8: TRUE | M8: MATURITY_0_4 | N8: TRUE
A9: Q-0008 | B9: U-GOV-08 | C9: GOV | D9: Apakah penyimpangan target dianalisis dan ditindaklanjuti? | E9: Menilai respons terhadap deviasi. | F9: 9.1.3|10.2 | G9: ALL | H9: Analisis deviasi, rencana tindak lanjut | I9: Telaah dokumen|Wawancara | J9: HIGH | K9: 3 | L9: TRUE | M9: MATURITY_0_4 | N9: TRUE
A10: Q-0009 | B10: U-GOV-09 | C10: GOV | D10: Apakah risiko dan peluang proses telah diidentifikasi, ditangani, dan dipantau? | E10: Menilai penerapan pemikiran berbasis risiko. | F10: 6.1 | G10: ALL | H10: Register risiko, mitigasi, evaluasi | I10: Telaah dokumen|Uji petik | J10: HIGH | K10: 3 | L10: TRUE | M10: MATURITY_0_4 | N10: TRUE
A11: Q-0010 | B11: U-GOV-10 | C11: GOV | D11: Apakah perubahan iklim telah dinilai relevansinya terhadap fungsi, fasilitas, layanan, atau pihak berkepentingan? | E11: Memenuhi Amendment 1:2024 dan mencegah risiko yang diabaikan. | F11: 4.1|4.2 | G11: ALL | H11: Analisis konteks, register risiko, kebutuhan pihak berkepentingan | I11: Telaah dokumen|Wawancara | J11: MEDIUM | K11: 2 | L11: TRUE | M11: MATURITY_0_4 | N11: TRUE
A12: Q-0011 | B12: U-DOC-01 | C12: DOC | D12: Apakah unit mempunyai daftar dokumen internal dan eksternal yang digunakan? | E12: Menilai kelengkapan informasi terdokumentasi. | F12: 7.5.1 | G12: ALL | H12: Daftar induk dokumen | I12: Telaah dokumen | J12: HIGH | K12: 3 | L12: TRUE | M12: MATURITY_0_4 | N12: TRUE
A13: Q-0012 | B13: U-DOC-02 | C13: DOC | D13: Apakah SOP, pedoman, formulir, dan instruksi kerja ditinjau dan disahkan pejabat berwenang? | E13: Menilai validitas dokumen. | F13: 7.5.2 | G13: ALL | H13: Dokumen berstatus sah, lembar persetujuan | I13: Uji petik dokumen | J13: HIGH | K13: 3 | L13: TRUE | M13: MATURITY_0_4 | N13: TRUE
A14: Q-0013 | B14: U-DOC-03 | C14: DOC | D14: Apakah versi dokumen yang digunakan merupakan versi terakhir? | E14: Mencegah penggunaan dokumen usang. | F14: 7.5.3 | G14: ALL | H14: Riwayat versi, distribusi dokumen | I14: Observasi|Uji petik | J14: HIGH | K14: 3 | L14: TRUE | M14: MATURITY_0_4 | N14: TRUE
A15: Q-0014 | B15: U-DOC-04 | C15: DOC | D15: Apakah perubahan dokumen dapat ditelusuri? | E15: Menilai kontrol perubahan. | F15: 7.5.3 | G15: ALL | H15: Log revisi, change history | I15: Telaah dokumen | J15: MEDIUM | K15: 2 | L15: TRUE | M15: MATURITY_0_4 | N15: TRUE
A16: Q-0015 | B16: U-DOC-05 | C16: DOC | D16: Apakah dokumen kedaluwarsa dicegah dari penggunaan yang tidak disengaja? | E16: Menilai pengendalian dokumen tidak berlaku. | F16: 7.5.3 | G16: ALL | H16: Penandaan obsolete, arsip terpisah | I16: Observasi|Uji petik | J16: HIGH | K16: 3 | L16: TRUE | M16: MATURITY_0_4 | N16: TRUE
A17: Q-0016 | B17: U-DOC-06 | C17: DOC | D17: Apakah dokumen eksternal seperti peraturan dan pedoman diperbarui secara berkala? | E17: Menilai kepatuhan terhadap persyaratan terkini. | F17: 7.5.3 | G17: ALL | H17: Daftar peraturan, bukti pemutakhiran | I17: Telaah dokumen | J17: HIGH | K17: 3 | L17: TRUE | M17: MATURITY_0_4 | N17: TRUE
A18: Q-0017 | B18: U-DOC-07 | C18: DOC | D18: Apakah jenis rekaman, lokasi penyimpanan, masa retensi, dan pemusnahannya ditetapkan? | E18: Menilai tata kelola rekaman. | F18: 7.5.3 | G18: ALL | H18: Jadwal retensi, prosedur arsip | I18: Telaah dokumen | J18: MEDIUM | K18: 2 | L18: TRUE | M18: MATURITY_0_4 | N18: TRUE
A19: Q-0018 | B19: U-DOC-08 | C19: DOC | D19: Apakah rekaman mudah ditemukan, terbaca, terlindungi, dan dapat ditelusuri? | E19: Menilai integritas dan aksesibilitas rekaman. | F19: 7.5.3 | G19: ALL | H19: Sampel rekaman fisik/elektronik | I19: Uji telusur | J19: HIGH | K19: 3 | L19: TRUE | M19: MATURITY_0_4 | N19: TRUE
A20: Q-0019 | B20: U-DOC-09 | C20: DOC | D20: Apakah akses terhadap dokumen rahasia dan data pribadi dibatasi? | E20: Menilai perlindungan informasi. | F20: 7.5.3|8.5.3 | G20: ALL | H20: Matriks akses, log akses | I20: Telaah konfigurasi|Uji petik | J20: HIGH | K20: 3 | L20: TRUE | M20: MATURITY_0_4 | N20: TRUE
A21: Q-0020 | B21: U-DOC-10 | C21: DOC | D21: Apakah data elektronik dicadangkan dan pemulihannya pernah diuji? | E21: Menilai keberlanjutan informasi. | F21: 7.1.3|7.5.3 | G21: ALL | H21: Jadwal backup, log, berita acara restore | I21: Telaah log|Re-performance | J21: HIGH | K21: 3 | L21: TRUE | M21: MATURITY_0_4 | N21: TRUE
A22: Q-0021 | B22: U-SDM-01 | C22: HR | D22: Apakah kebutuhan jumlah dan kompetensi personel unit telah dianalisis? | E22: Menilai kecukupan sumber daya manusia. | F22: 7.1.2|7.2 | G22: ALL | H22: Analisis jabatan dan beban kerja | I22: Telaah dokumen | J22: HIGH | K22: 3 | L22: TRUE | M22: MATURITY_0_4 | N22: TRUE
A23: Q-0022 | B23: U-SDM-02 | C23: HR | D23: Apakah terdapat uraian jabatan dan persyaratan kompetensi setiap posisi? | E23: Menilai kejelasan peran dan kompetensi. | F23: 5.3|7.2 | G23: ALL | H23: Uraian jabatan, standar kompetensi | I23: Telaah dokumen | J23: HIGH | K23: 3 | L23: TRUE | M23: MATURITY_0_4 | N23: TRUE
A24: Q-0023 | B24: U-SDM-03 | C24: HR | D24: Apakah penempatan personel sesuai kompetensi dan kewenangannya? | E24: Menilai kesesuaian penempatan. | F24: 7.2 | G24: ALL | H24: SK penempatan, CV, sertifikat | I24: Uji petik personel | J24: HIGH | K24: 3 | L24: TRUE | M24: MATURITY_0_4 | N24: TRUE
A25: Q-0024 | B25: U-SDM-04 | C25: HR | D25: Apakah kesenjangan kompetensi telah diidentifikasi? | E25: Menilai dasar pengembangan SDM. | F25: 7.2 | G25: ALL | H25: Matriks kompetensi, gap analysis | I25: Telaah dokumen | J25: MEDIUM | K25: 2 | L25: TRUE | M25: MATURITY_0_4 | N25: TRUE
A26: Q-0025 | B26: U-SDM-05 | C26: HR | D26: Apakah pengembangan kompetensi disusun berdasarkan kebutuhan jabatan? | E26: Menilai relevansi pelatihan. | F26: 7.2 | G26: ALL | H26: Rencana pelatihan, TNA | I26: Telaah dokumen | J26: MEDIUM | K26: 2 | L26: TRUE | M26: MATURITY_0_4 | N26: TRUE
A27: Q-0026 | B27: U-SDM-06 | C27: HR | D27: Apakah efektivitas pelatihan atau pengembangan kompetensi dievaluasi? | E27: Menilai hasil pengembangan kompetensi. | F27: 7.2 | G27: ALL | H27: Evaluasi pascapelatihan, penerapan hasil | I27: Uji petik|Wawancara | J27: MEDIUM | K27: 2 | L27: TRUE | M27: MATURITY_0_4 | N27: TRUE
A28: Q-0027 | B28: U-SDM-07 | C28: HR | D28: Apakah personel memahami kontribusinya terhadap sasaran mutu dan akibat ketidaksesuaian? | E28: Menilai kesadaran mutu. | F28: 7.3 | G28: ALL | H28: Sosialisasi, wawancara personel | I28: Wawancara | J28: MEDIUM | K28: 2 | L28: TRUE | M28: MATURITY_0_4 | N28: TRUE
A29: Q-0028 | B29: U-SDM-08 | C29: HR | D29: Apakah tersedia mekanisme delegasi atau pengganti untuk fungsi kritis? | E29: Menilai kontinuitas proses. | F29: 5.3|7.1.2 | G29: ALL | H29: Surat delegasi, matriks backup person | I29: Telaah dokumen|Wawancara | J29: HIGH | K29: 3 | L29: TRUE | M29: MATURITY_0_4 | N29: TRUE
A30: Q-0029 | B30: U-LYN-01 | C30: SERVICE | D30: Apakah pengguna, pihak berkepentingan, dan kebutuhan layanan unit telah diidentifikasi? | E30: Menilai fokus pengguna dan konteks layanan. | F30: 4.2|5.1.2 | G30: ALL | H30: Peta pemangku kepentingan, hasil survei | I30: Telaah dokumen | J30: HIGH | K30: 3 | L30: TRUE | M30: MATURITY_0_4 | N30: TRUE
A31: Q-0030 | B31: U-LYN-02 | C31: SERVICE | D31: Apakah persyaratan setiap layanan telah ditetapkan dan dipublikasikan? | E31: Menilai kejelasan persyaratan layanan. | F31: 8.2 | G31: ALL | H31: Standar layanan, prosedur, media informasi | I31: Telaah dokumen|Observasi | J31: HIGH | K31: 3 | L31: TRUE | M31: MATURITY_0_4 | N31: TRUE
A32: Q-0031 | B32: U-LYN-03 | C32: SERVICE | D32: Apakah standar waktu, biaya, keluaran, dan penanggung jawab layanan tersedia? | E32: Menilai kepastian layanan. | F32: 8.1|8.5.1 | G32: ALL | H32: Maklumat/standar layanan | I32: Telaah dokumen | J32: HIGH | K32: 3 | L32: TRUE | M32: MATURITY_0_4 | N32: TRUE
A33: Q-0032 | B33: U-LYN-04 | C33: SERVICE | D33: Apakah persyaratan pengguna diperiksa sebelum layanan diberikan? | E33: Menilai kecukupan tinjauan permintaan. | F33: 8.2 | G33: ALL | H33: Checklist/verifikasi permohonan | I33: Uji petik transaksi | J33: MEDIUM | K33: 2 | L33: TRUE | M33: MATURITY_0_4 | N33: TRUE
A34: Q-0033 | B34: U-LYN-05 | C34: SERVICE | D34: Apakah perubahan persyaratan layanan dikendalikan dan dikomunikasikan? | E34: Menilai kontrol perubahan layanan. | F34: 8.2|8.5.6 | G34: ALL | H34: Notifikasi perubahan, riwayat revisi | I34: Telaah dokumen | J34: MEDIUM | K34: 2 | L34: TRUE | M34: MATURITY_0_4 | N34: TRUE
A35: Q-0034 | B35: U-LYN-06 | C35: SERVICE | D35: Apakah status permohonan dan hasil layanan dapat ditelusuri? | E35: Menilai identifikasi dan ketertelusuran. | F35: 8.5.2 | G35: ALL | H35: Nomor tiket/registrasi, log proses | I35: Uji telusur | J35: HIGH | K35: 3 | L35: TRUE | M35: MATURITY_0_4 | N35: TRUE
A36: Q-0035 | B36: U-LYN-07 | C36: SERVICE | D36: Apakah hasil layanan diverifikasi sebelum diserahkan? | E36: Menilai kontrol pelepasan keluaran. | F36: 8.6 | G36: ALL | H36: Checklist verifikasi, persetujuan | I36: Uji petik | J36: HIGH | K36: 3 | L36: TRUE | M36: MATURITY_0_4 | N36: TRUE
A37: Q-0036 | B37: U-LYN-08 | C37: SERVICE | D37: Apakah keluhan dicatat, dianalisis, dijawab, dan ditindaklanjuti? | E37: Menilai pengendalian keluhan dan koreksi. | F37: 8.2|10.2 | G37: ALL | H37: Register keluhan, respons, tindak lanjut | I37: Telaah rekaman | J37: HIGH | K37: 3 | L37: TRUE | M37: MATURITY_0_4 | N37: TRUE
A38: Q-0037 | B38: U-LYN-09 | C38: SERVICE | D38: Apakah kepuasan pengguna diukur secara berkala? | E38: Menilai persepsi pengguna. | F38: 9.1.2 | G38: ALL | H38: Survei kepuasan, metode sampling | I38: Telaah data | J38: MEDIUM | K38: 2 | L38: TRUE | M38: MATURITY_0_4 | N38: TRUE
A39: Q-0038 | B39: U-LYN-10 | C39: SERVICE | D39: Apakah hasil kepuasan, keluhan, dan data layanan digunakan untuk perbaikan? | E39: Menilai perbaikan berbasis data. | F39: 9.1.3|10.3 | G39: ALL | H39: Analisis tren, program perbaikan | I39: Telaah dokumen | J39: HIGH | K39: 3 | L39: TRUE | M39: MATURITY_0_4 | N39: TRUE
A40: Q-0039 | B40: U-SAR-01 | C40: RESOURCE | D40: Apakah kebutuhan sarana, peralatan, dan sistem pendukung telah diidentifikasi? | E40: Menilai perencanaan infrastruktur. | F40: 7.1.3 | G40: ALL | H40: Analisis kebutuhan, rencana pengadaan | I40: Telaah dokumen | J40: HIGH | K40: 3 | L40: TRUE | M40: MATURITY_0_4 | N40: TRUE
A41: Q-0040 | B41: U-SAR-02 | C41: RESOURCE | D41: Apakah sarana tersedia dalam jumlah dan kondisi yang memadai? | E41: Menilai kecukupan infrastruktur. | F41: 7.1.3 | G41: ALL | H41: Inventaris, inspeksi kondisi | I41: Observasi|Uji petik | J41: HIGH | K41: 3 | L41: TRUE | M41: MATURITY_0_4 | N41: TRUE
A42: Q-0041 | B42: U-SAR-03 | C42: RESOURCE | D42: Apakah inventaris barang sesuai kondisi fisik dan lokasi aktual? | E42: Menilai akurasi data aset. | F42: 7.1.3|8.5.2 | G42: ALL | H42: Kartu inventaris, hasil stock opname | I42: Uji fisik | J42: HIGH | K42: 3 | L42: TRUE | M42: MATURITY_0_4 | N42: TRUE
A43: Q-0042 | B43: U-SAR-04 | C43: RESOURCE | D43: Apakah terdapat dan dilaksanakan jadwal pemeliharaan preventif? | E43: Menilai pemeliharaan infrastruktur. | F43: 7.1.3 | G43: ALL | H43: Jadwal dan log pemeliharaan | I43: Telaah rekaman|Observasi | J43: HIGH | K43: 3 | L43: TRUE | M43: MATURITY_0_4 | N43: TRUE
A44: Q-0043 | B44: U-SAR-05 | C44: RESOURCE | D44: Apakah kerusakan, waktu henti, dan perbaikan dicatat serta dianalisis? | E44: Menilai pengendalian gangguan. | F44: 7.1.3|9.1.3 | G44: ALL | H44: Log kerusakan, analisis downtime | I44: Analisis data | J44: MEDIUM | K44: 2 | L44: TRUE | M44: MATURITY_0_4 | N44: TRUE
A45: Q-0044 | B45: U-SAR-06 | C45: RESOURCE | D45: Apakah alat pemantauan atau pengukuran dikalibrasi atau diverifikasi sesuai kebutuhan? | E45: Menilai keandalan hasil pengukuran. | F45: 7.1.5 | G45: ALL | H45: Sertifikat kalibrasi/verifikasi | I45: Uji petik | J45: HIGH | K45: 3 | L45: TRUE | M45: MATURITY_0_4 | N45: TRUE
A46: Q-0045 | B46: U-SAR-07 | C46: RESOURCE | D46: Apakah lingkungan kerja mendukung keselamatan, kesehatan, keamanan, dan kualitas layanan? | E46: Menilai kondisi operasi proses. | F46: 7.1.4 | G46: ALL | H46: Inspeksi, catatan K3, pengamanan | I46: Observasi | J46: HIGH | K46: 3 | L46: TRUE | M46: MATURITY_0_4 | N46: TRUE
A47: Q-0046 | B47: U-SAR-08 | C47: RESOURCE | D47: Apakah risiko keadaan darurat, kebakaran, kehilangan data, dan gangguan layanan dikendalikan dan diuji? | E47: Menilai kesiapsiagaan dan keberlanjutan. | F47: 6.1|7.1.3|7.1.4 | G47: ALL | H47: Rencana darurat, simulasi, DRP | I47: Telaah dokumen|Observasi | J47: HIGH | K47: 3 | L47: TRUE | M47: MATURITY_0_4 | N47: TRUE
A48: Q-0047 | B48: U-PBJ-01 | C48: PROCUREMENT | D48: Apakah kebutuhan pengadaan ditetapkan berdasarkan rencana, pengguna, dan risiko? | E48: Menilai dasar pengadaan. | F48: 8.1|8.4 | G48: PROCUREMENT | H48: Rencana pengadaan, TOR/KAK | I48: Telaah dokumen | J48: HIGH | K48: 3 | L48: TRUE | M48: MATURITY_0_4 | N48: TRUE
A49: Q-0048 | B49: U-PBJ-02 | C49: PROCUREMENT | D49: Apakah spesifikasi barang atau jasa ditetapkan dan diverifikasi sebelum pemilihan penyedia? | E49: Menilai kejelasan persyaratan eksternal. | F49: 8.4 | G49: PROCUREMENT | H49: Spesifikasi, persetujuan teknis | I49: Uji petik paket | J49: HIGH | K49: 3 | L49: TRUE | M49: MATURITY_0_4 | N49: TRUE
A50: Q-0049 | B50: U-PBJ-03 | C50: PROCUREMENT | D50: Apakah penyedia dipilih berdasarkan kriteria yang terdokumentasi? | E50: Menilai objektivitas pemilihan. | F50: 8.4 | G50: PROCUREMENT | H50: Kriteria dan evaluasi penyedia | I50: Uji petik | J50: HIGH | K50: 3 | L50: TRUE | M50: MATURITY_0_4 | N50: TRUE
A51: Q-0050 | B51: U-PBJ-04 | C51: PROCUREMENT | D51: Apakah barang atau jasa yang diterima diperiksa kesesuaiannya? | E51: Menilai verifikasi keluaran penyedia. | F51: 8.4|8.6 | G51: PROCUREMENT | H51: BAST, pemeriksaan barang/jasa | I51: Uji petik | J51: HIGH | K51: 3 | L51: TRUE | M51: MATURITY_0_4 | N51: TRUE
A52: Q-0051 | B52: U-PBJ-05 | C52: PROCUREMENT | D52: Apakah kinerja penyedia dievaluasi dan hasilnya digunakan dalam keputusan berikutnya? | E52: Menilai pengendalian penyedia. | F52: 8.4|9.1.3 | G52: PROCUREMENT | H52: Evaluasi vendor, daftar penyedia | I52: Telaah data | J52: MEDIUM | K52: 2 | L52: TRUE | M52: MATURITY_0_4 | N52: TRUE
A53: Q-0052 | B53: U-PBJ-06 | C53: PROCUREMENT | D53: Apakah proses yang dialihdayakan tetap dikendalikan oleh unit penanggung jawab? | E53: Menilai kontrol proses outsourcing. | F53: 8.4 | G53: PROCUREMENT | H53: Kontrak, SLA, laporan pengawasan | I53: Telaah dokumen | J53: HIGH | K53: 3 | L53: TRUE | M53: MATURITY_0_4 | N53: TRUE
A54: Q-0053 | B54: U-EVL-01 | C54: EVALUATION | D54: Apakah unit mempunyai indikator proses dan layanan yang dapat diukur? | E54: Menilai desain pemantauan. | F54: 9.1.1 | G54: ALL | H54: Kamus indikator, target | I54: Telaah dokumen | J54: HIGH | K54: 3 | L54: TRUE | M54: MATURITY_0_4 | N54: TRUE
A55: Q-0054 | B55: U-EVL-02 | C55: EVALUATION | D55: Apakah metode, sumber data, frekuensi, dan penanggung jawab indikator ditetapkan? | E55: Menilai konsistensi pengukuran. | F55: 9.1.1 | G55: ALL | H55: Definisi operasional indikator | I55: Telaah dokumen | J55: HIGH | K55: 3 | L55: TRUE | M55: MATURITY_0_4 | N55: TRUE
A56: Q-0055 | B56: U-EVL-03 | C56: EVALUATION | D56: Apakah data capaian diperiksa keakuratan, kelengkapan, dan konsistensinya? | E56: Menilai kualitas data. | F56: 9.1.1|9.1.3 | G56: ALL | H56: Rekonsiliasi, validasi data | I56: Re-performance|Uji petik | J56: HIGH | K56: 3 | L56: TRUE | M56: MATURITY_0_4 | N56: TRUE
A57: Q-0056 | B57: U-EVL-04 | C57: EVALUATION | D57: Apakah layanan atau keluaran yang tidak memenuhi persyaratan diidentifikasi dan dikendalikan? | E57: Menilai pengendalian ketidaksesuaian. | F57: 8.7 | G57: ALL | H57: Register kesalahan, koreksi | I57: Telaah rekaman | J57: HIGH | K57: 3 | L57: TRUE | M57: MATURITY_0_4 | N57: TRUE
A58: Q-0057 | B58: U-EVL-05 | C58: EVALUATION | D58: Apakah penyebab ketidaksesuaian dianalisis secara memadai? | E58: Menilai kedalaman analisis akar masalah. | F58: 10.2 | G58: ALL | H58: 5 Why, fishbone, analisis sebab | I58: Telaah dokumen | J58: HIGH | K58: 3 | L58: TRUE | M58: MATURITY_0_4 | N58: TRUE
A59: Q-0058 | B59: U-EVL-06 | C59: EVALUATION | D59: Apakah tindakan korektif mempunyai PIC, target waktu, indikator keberhasilan, dan sumber daya? | E59: Menilai kelayakan tindakan. | F59: 10.2 | G59: ALL | H59: Rencana tindakan | I59: Telaah dokumen | J59: HIGH | K59: 3 | L59: TRUE | M59: MATURITY_0_4 | N59: TRUE
A60: Q-0059 | B60: U-EVL-07 | C60: EVALUATION | D60: Apakah efektivitas tindakan korektif diverifikasi berdasarkan bukti objektif? | E60: Menilai pencegahan pengulangan. | F60: 10.2 | G60: ALL | H60: Hasil verifikasi, data pascatindakan | I60: Uji petik | J60: HIGH | K60: 3 | L60: TRUE | M60: MATURITY_0_4 | N60: TRUE
A61: Q-0060 | B61: U-EVL-08 | C61: EVALUATION | D61: Apakah temuan audit sebelumnya telah ditindaklanjuti sesuai target? | E61: Menilai disiplin tindak lanjut. | F61: 9.2|10.2 | G61: ALL | H61: Rekap temuan dan status | I61: Telaah data | J61: HIGH | K61: 3 | L61: TRUE | M61: MATURITY_0_4 | N61: TRUE
A62: Q-0061 | B62: U-EVL-09 | C62: EVALUATION | D62: Apakah temuan berulang dianalisis sebagai masalah sistemik? | E62: Menilai pembelajaran organisasi. | F62: 9.1.3|10.3 | G62: ALL | H62: Analisis tren temuan | I62: Analisis data | J62: HIGH | K62: 3 | L62: TRUE | M62: MATURITY_0_4 | N62: TRUE
A63: Q-0062 | B63: U-EVL-10 | C63: EVALUATION | D63: Apakah terdapat bukti perbaikan berkelanjutan terhadap efektivitas proses? | E63: Menilai peningkatan berkelanjutan. | F63: 10.3 | G63: ALL | H63: Proyek perbaikan, tren indikator | I63: Telaah dokumen | J63: MEDIUM | K63: 2 | L63: TRUE | M63: MATURITY_0_4 | N63: TRUE
A64: Q-0063 | B64: PIM-01 | C64: PIM | D64: Apakah kebijakan nonakademik telah ditetapkan, selaras dengan konteks, dan dikomunikasikan? | E64: Menilai efektivitas dan kesesuaian pelaksanaan fungsi unit. | F64: 5.1.1|5.2 | G64: LEADERSHIP | H64: Kebijakan, bukti sosialisasi | I64: Telaah dokumen|Wawancara|Uji petik | J64: MEDIUM | K64: 2 | L64: TRUE | M64: MATURITY_0_4 | N64: TRUE
A65: Q-0064 | B65: PIM-02 | C65: PIM | D65: Apakah sasaran institusi diturunkan menjadi sasaran unit secara konsisten? | E65: Menilai efektivitas dan kesesuaian pelaksanaan fungsi unit. | F65: 6.2 | G65: LEADERSHIP | H65: Matriks cascading sasaran | I65: Telaah dokumen|Wawancara|Uji petik | J65: MEDIUM | K65: 2 | L65: TRUE | M65: MATURITY_0_4 | N65: TRUE
A66: Q-0065 | B66: PIM-03 | C66: PIM | D66: Apakah kebutuhan sumber daya unit dievaluasi sebelum penetapan program dan anggaran? | E66: Menilai efektivitas dan kesesuaian pelaksanaan fungsi unit. | F66: 7.1.1 | G66: LEADERSHIP | H66: Notulen pembahasan, matriks kebutuhan | I66: Telaah dokumen|Wawancara|Uji petik | J66: MEDIUM | K66: 2 | L66: TRUE | M66: MATURITY_0_4 | N66: TRUE
A67: Q-0066 | B67: PIM-04 | C67: PIM | D67: Apakah hasil kinerja, audit, keluhan, risiko, dan perubahan menjadi masukan tinjauan manajemen? | E67: Menilai efektivitas dan kesesuaian pelaksanaan fungsi unit. | F67: 9.3 | G67: LEADERSHIP | H67: Bahan RTM | I67: Telaah dokumen|Wawancara|Uji petik | J67: MEDIUM | K67: 2 | L67: TRUE | M67: MATURITY_0_4 | N67: TRUE
A68: Q-0067 | B68: PIM-05 | C68: PIM | D68: Apakah keputusan tinjauan manajemen mempunyai PIC, target waktu, dan sumber daya? | E68: Menilai efektivitas dan kesesuaian pelaksanaan fungsi unit. | F68: 9.3 | G68: LEADERSHIP | H68: Rencana tindak lanjut RTM | I68: Telaah dokumen|Wawancara|Uji petik | J68: MEDIUM | K68: 2 | L68: TRUE | M68: MATURITY_0_4 | N68: TRUE
A69: Q-0068 | B69: PIM-06 | C69: PIM | D69: Apakah efektivitas keputusan pimpinan dipantau? | E69: Menilai efektivitas dan kesesuaian pelaksanaan fungsi unit. | F69: 9.3|10.3 | G69: LEADERSHIP | H69: Monitoring keputusan | I69: Telaah dokumen|Wawancara|Uji petik | J69: MEDIUM | K69: 2 | L69: TRUE | M69: MATURITY_0_4 | N69: TRUE
A70: Q-0069 | B70: PIM-07 | C70: PIM | D70: Apakah keamanan, keselamatan, kesehatan, ketertiban, aksesibilitas, dan kenyamanan layanan dievaluasi? | E70: Menilai efektivitas dan kesesuaian pelaksanaan fungsi unit. | F70: 7.1.4|9.1 | G70: LEADERSHIP | H70: Laporan evaluasi | I70: Telaah dokumen|Wawancara|Uji petik | J70: MEDIUM | K70: 2 | L70: TRUE | M70: MATURITY_0_4 | N70: TRUE
A71: Q-0070 | B71: PIM-08 | C71: PIM | D71: Apakah perubahan organisasi dan sistem direncanakan agar tidak merusak integritas proses? | E71: Menilai efektivitas dan kesesuaian pelaksanaan fungsi unit. | F71: 6.3 | G71: LEADERSHIP | H71: Rencana perubahan dan evaluasi dampak | I71: Telaah dokumen|Wawancara|Uji petik | J71: MEDIUM | K71: 2 | L71: TRUE | M71: MATURITY_0_4 | N71: TRUE
A72: Q-0071 | B72: REN-01 | C72: REN | D72: Apakah program tahunan diturunkan dari Renstra dan dokumen perencanaan institusi? | E72: Menilai efektivitas dan kesesuaian pelaksanaan fungsi unit. | F72: 6.2 | G72: BAG_AKPK | H72: Renstra dan rencana kerja | I72: Telaah dokumen|Wawancara|Uji petik | J72: MEDIUM | K72: 2 | L72: TRUE | M72: MATURITY_0_4 | N72: TRUE
A73: Q-0072 | B73: REN-02 | C73: REN | D73: Apakah usulan program disertai indikator, target, baseline, PIC, waktu, dan anggaran? | E73: Menilai efektivitas dan kesesuaian pelaksanaan fungsi unit. | F73: 6.2 | G73: BAG_AKPK | H73: Usulan program | I73: Telaah dokumen|Wawancara|Uji petik | J73: MEDIUM | K73: 2 | L73: TRUE | M73: MATURITY_0_4 | N73: TRUE
A74: Q-0073 | B74: REN-03 | C74: REN | D74: Apakah indikator mempunyai definisi operasional dan sumber data yang jelas? | E74: Menilai efektivitas dan kesesuaian pelaksanaan fungsi unit. | F74: 9.1.1 | G74: BAG_AKPK | H74: Kamus indikator | I74: Telaah dokumen|Wawancara|Uji petik | J74: MEDIUM | K74: 2 | L74: TRUE | M74: MATURITY_0_4 | N74: TRUE
A75: Q-0074 | B75: REN-04 | C75: REN | D75: Apakah usulan unit diverifikasi untuk mencegah duplikasi dan ketidaksesuaian kewenangan? | E75: Menilai efektivitas dan kesesuaian pelaksanaan fungsi unit. | F75: 8.1 | G75: BAG_AKPK | H75: Catatan verifikasi | I75: Telaah dokumen|Wawancara|Uji petik | J75: MEDIUM | K75: 2 | L75: TRUE | M75: MATURITY_0_4 | N75: TRUE
A76: Q-0075 | B76: REN-05 | C76: REN | D76: Apakah perubahan program dan anggaran dikendalikan serta disetujui sesuai kewenangan? | E76: Menilai efektivitas dan kesesuaian pelaksanaan fungsi unit. | F76: 6.3|8.5.6 | G76: BAG_AKPK | H76: Dokumen revisi | I76: Telaah dokumen|Wawancara|Uji petik | J76: MEDIUM | K76: 2 | L76: TRUE | M76: MATURITY_0_4 | N76: TRUE
A77: Q-0076 | B77: REN-06 | C77: REN | D77: Apakah realisasi fisik dan keuangan dipantau secara berkala? | E77: Menilai efektivitas dan kesesuaian pelaksanaan fungsi unit. | F77: 9.1.1 | G77: BAG_AKPK | H77: Laporan realisasi | I77: Telaah dokumen|Wawancara|Uji petik | J77: MEDIUM | K77: 2 | L77: TRUE | M77: MATURITY_0_4 | N77: TRUE
A78: Q-0077 | B78: REN-07 | C78: REN | D78: Apakah deviasi target dan realisasi dianalisis? | E78: Menilai efektivitas dan kesesuaian pelaksanaan fungsi unit. | F78: 9.1.3 | G78: BAG_AKPK | H78: Analisis deviasi | I78: Telaah dokumen|Wawancara|Uji petik | J78: MEDIUM | K78: 2 | L78: TRUE | M78: MATURITY_0_4 | N78: TRUE
A79: Q-0078 | B79: REN-08 | C79: REN | D79: Apakah hasil evaluasi digunakan untuk penyusunan rencana periode berikutnya? | E79: Menilai efektivitas dan kesesuaian pelaksanaan fungsi unit. | F79: 10.3 | G79: BAG_AKPK | H79: Bukti perbaikan perencanaan | I79: Telaah dokumen|Wawancara|Uji petik | J79: MEDIUM | K79: 2 | L79: TRUE | M79: MATURITY_0_4 | N79: TRUE
A80: Q-0079 | B80: KEU-01 | C80: KEU | D80: Apakah pelaksanaan anggaran mengacu pada dokumen anggaran yang sah? | E80: Menilai efektivitas dan kesesuaian pelaksanaan fungsi unit. | F80: 8.1 | G80: BAG_UK | H80: Dokumen anggaran | I80: Telaah dokumen|Wawancara|Uji petik | J80: HIGH | K80: 3 | L80: TRUE | M80: MATURITY_0_4 | N80: TRUE
A81: Q-0080 | B81: KEU-02 | C81: KEU | D81: Apakah fungsi pengajuan, verifikasi, persetujuan, pembayaran, dan pencatatan dipisahkan? | E81: Menilai efektivitas dan kesesuaian pelaksanaan fungsi unit. | F81: 5.3|8.1 | G81: BAG_UK | H81: Matriks kewenangan | I81: Telaah dokumen|Wawancara|Uji petik | J81: HIGH | K81: 3 | L81: TRUE | M81: MATURITY_0_4 | N81: TRUE
A82: Q-0081 | B82: KEU-03 | C82: KEU | D82: Apakah setiap transaksi didukung dokumen yang sah, lengkap, dan dapat ditelusuri? | E82: Menilai efektivitas dan kesesuaian pelaksanaan fungsi unit. | F82: 7.5.3|8.5.2 | G82: BAG_UK | H82: Sampel transaksi | I82: Telaah dokumen|Wawancara|Uji petik | J82: HIGH | K82: 3 | L82: TRUE | M82: MATURITY_0_4 | N82: TRUE
A83: Q-0082 | B83: KEU-04 | C83: KEU | D83: Apakah verifikasi dilakukan sebelum pembayaran? | E83: Menilai efektivitas dan kesesuaian pelaksanaan fungsi unit. | F83: 8.6 | G83: BAG_UK | H83: Checklist verifikasi | I83: Telaah dokumen|Wawancara|Uji petik | J83: HIGH | K83: 3 | L83: TRUE | M83: MATURITY_0_4 | N83: TRUE
A84: Q-0083 | B84: KEU-05 | C84: KEU | D84: Apakah rekonsiliasi keuangan dilakukan secara berkala? | E84: Menilai efektivitas dan kesesuaian pelaksanaan fungsi unit. | F84: 9.1.1 | G84: BAG_UK | H84: Berita acara rekonsiliasi | I84: Telaah dokumen|Wawancara|Uji petik | J84: HIGH | K84: 3 | L84: TRUE | M84: MATURITY_0_4 | N84: TRUE
A85: Q-0084 | B85: KEU-06 | C85: KEU | D85: Apakah pertanggungjawaban uang muka dan perjalanan dinas diselesaikan tepat waktu? | E85: Menilai efektivitas dan kesesuaian pelaksanaan fungsi unit. | F85: 8.5.1|9.1 | G85: BAG_UK | H85: Register pertanggungjawaban | I85: Telaah dokumen|Wawancara|Uji petik | J85: HIGH | K85: 3 | L85: TRUE | M85: MATURITY_0_4 | N85: TRUE
A86: Q-0085 | B86: KEU-07 | C86: KEU | D86: Apakah penerimaan negara bukan pajak dicatat dan disetorkan sesuai ketentuan? | E86: Menilai efektivitas dan kesesuaian pelaksanaan fungsi unit. | F86: 8.1|7.5.3 | G86: BAG_UK | H86: Bukti penerimaan dan setoran | I86: Telaah dokumen|Wawancara|Uji petik | J86: HIGH | K86: 3 | L86: TRUE | M86: MATURITY_0_4 | N86: TRUE
A87: Q-0086 | B87: KEU-08 | C87: KEU | D87: Apakah kewajiban perpajakan dihitung, disetor, dan dilaporkan tepat waktu? | E87: Menilai efektivitas dan kesesuaian pelaksanaan fungsi unit. | F87: 8.1 | G87: BAG_UK | H87: Dokumen perpajakan | I87: Telaah dokumen|Wawancara|Uji petik | J87: HIGH | K87: 3 | L87: TRUE | M87: MATURITY_0_4 | N87: TRUE
A88: Q-0087 | B88: KEU-09 | C88: KEU | D88: Apakah hak akses aplikasi keuangan ditinjau berkala? | E88: Menilai efektivitas dan kesesuaian pelaksanaan fungsi unit. | F88: 7.5.3 | G88: BAG_UK | H88: Matriks akses | I88: Telaah dokumen|Wawancara|Uji petik | J88: HIGH | K88: 3 | L88: TRUE | M88: MATURITY_0_4 | N88: TRUE
A89: Q-0088 | B89: KEU-10 | C89: KEU | D89: Apakah laporan keuangan disusun tepat waktu dan direviu? | E89: Menilai efektivitas dan kesesuaian pelaksanaan fungsi unit. | F89: 8.6|9.1 | G89: BAG_UK | H89: Laporan dan bukti reviu | I89: Telaah dokumen|Wawancara|Uji petik | J89: HIGH | K89: 3 | L89: TRUE | M89: MATURITY_0_4 | N89: TRUE
A90: Q-0089 | B90: KEU-11 | C90: KEU | D90: Apakah koreksi transaksi dan perubahan data keuangan memiliki jejak perubahan? | E90: Menilai efektivitas dan kesesuaian pelaksanaan fungsi unit. | F90: 8.5.6|7.5.3 | G90: BAG_UK | H90: Audit trail | I90: Telaah dokumen|Wawancara|Uji petik | J90: HIGH | K90: 3 | L90: TRUE | M90: MATURITY_0_4 | N90: TRUE
A91: Q-0090 | B91: KEU-12 | C91: KEU | D91: Apakah temuan pemeriksaan keuangan dipantau sampai efektif? | E91: Menilai efektivitas dan kesesuaian pelaksanaan fungsi unit. | F91: 10.2 | G91: BAG_UK | H91: Rekap tindak lanjut | I91: Telaah dokumen|Wawancara|Uji petik | J91: HIGH | K91: 3 | L91: TRUE | M91: MATURITY_0_4 | N91: TRUE
A92: Q-0091 | B92: SDM-01 | C92: SDM_SPEC | D92: Apakah kebutuhan pegawai didasarkan pada analisis jabatan dan beban kerja? | E92: Menilai efektivitas dan kesesuaian pelaksanaan fungsi unit. | F92: 7.1.2 | G92: BAG_UK | H92: Anjab/ABK | I92: Telaah dokumen|Wawancara|Uji petik | J92: MEDIUM | K92: 2 | L92: TRUE | M92: MATURITY_0_4 | N92: TRUE
A93: Q-0092 | B93: SDM-02 | C93: SDM_SPEC | D93: Apakah data induk pegawai lengkap dan diperbarui? | E93: Menilai efektivitas dan kesesuaian pelaksanaan fungsi unit. | F93: 7.5.3 | G93: BAG_UK | H93: Data pegawai | I93: Telaah dokumen|Wawancara|Uji petik | J93: MEDIUM | K93: 2 | L93: TRUE | M93: MATURITY_0_4 | N93: TRUE
A94: Q-0093 | B94: SDM-03 | C94: SDM_SPEC | D94: Apakah dokumen pengangkatan, penempatan, kenaikan pangkat, dan karier dapat ditelusuri? | E94: Menilai efektivitas dan kesesuaian pelaksanaan fungsi unit. | F94: 7.5.3|8.5.2 | G94: BAG_UK | H94: Berkas pegawai | I94: Telaah dokumen|Wawancara|Uji petik | J94: MEDIUM | K94: 2 | L94: TRUE | M94: MATURITY_0_4 | N94: TRUE
A95: Q-0094 | B95: SDM-04 | C95: SDM_SPEC | D95: Apakah penilaian kinerja dilakukan sesuai periode dan diverifikasi atasan? | E95: Menilai efektivitas dan kesesuaian pelaksanaan fungsi unit. | F95: 9.1.1 | G95: BAG_UK | H95: SKP/penilaian kinerja | I95: Telaah dokumen|Wawancara|Uji petik | J95: MEDIUM | K95: 2 | L95: TRUE | M95: MATURITY_0_4 | N95: TRUE
A96: Q-0095 | B96: SDM-05 | C96: SDM_SPEC | D96: Apakah ketidakhadiran, keterlambatan, dan pelanggaran disiplin ditangani konsisten? | E96: Menilai efektivitas dan kesesuaian pelaksanaan fungsi unit. | F96: 8.5.1|10.2 | G96: BAG_UK | H96: Rekap kehadiran/disiplin | I96: Telaah dokumen|Wawancara|Uji petik | J96: MEDIUM | K96: 2 | L96: TRUE | M96: MATURITY_0_4 | N96: TRUE
A97: Q-0096 | B97: SDM-06 | C97: SDM_SPEC | D97: Apakah rencana pengembangan kompetensi didasarkan pada kesenjangan kompetensi? | E97: Menilai efektivitas dan kesesuaian pelaksanaan fungsi unit. | F97: 7.2 | G97: BAG_UK | H97: TNA | I97: Telaah dokumen|Wawancara|Uji petik | J97: MEDIUM | K97: 2 | L97: TRUE | M97: MATURITY_0_4 | N97: TRUE
A98: Q-0097 | B98: SDM-07 | C98: SDM_SPEC | D98: Apakah hasil pelatihan diterapkan dan dievaluasi? | E98: Menilai efektivitas dan kesesuaian pelaksanaan fungsi unit. | F98: 7.2 | G98: BAG_UK | H98: Evaluasi pelatihan | I98: Telaah dokumen|Wawancara|Uji petik | J98: MEDIUM | K98: 2 | L98: TRUE | M98: MATURITY_0_4 | N98: TRUE
A99: Q-0098 | B99: SDM-08 | C99: SDM_SPEC | D99: Apakah terdapat rencana suksesi untuk fungsi kritis? | E99: Menilai efektivitas dan kesesuaian pelaksanaan fungsi unit. | F99: 7.1.2 | G99: BAG_UK | H99: Rencana suksesi | I99: Telaah dokumen|Wawancara|Uji petik | J99: MEDIUM | K99: 2 | L99: TRUE | M99: MATURITY_0_4 | N99: TRUE
A100: Q-0099 | B100: SDM-09 | C100: SDM_SPEC | D100: Apakah data pribadi pegawai dilindungi? | E100: Menilai efektivitas dan kesesuaian pelaksanaan fungsi unit. | F100: 7.5.3|8.5.3 | G100: BAG_UK | H100: Kontrol akses | I100: Telaah dokumen|Wawancara|Uji petik | J100: MEDIUM | K100: 2 | L100: TRUE | M100: MATURITY_0_4 | N100: TRUE
...

Sheet 18_Q_UNIT_MAP
A1: mapping_id | B1: mapping_type | C1: question_or_module_code | D1: unit_selector_type | E1: unit_selector_value | F1: include_exclude | G1: priority | H1: effective_from | I1: effective_to | J1: active
A2: MAP-001 | B2: MODULE | C2: GOV | D2: ALL | E2: ALL | F2: INCLUDE | G2: 10 | H2: 46023 | J2: TRUE
A3: MAP-002 | B3: MODULE | C3: DOC | D3: ALL | E3: ALL | F3: INCLUDE | G3: 20 | H3: 46023 | J3: TRUE
A4: MAP-003 | B4: MODULE | C4: HR | D4: ALL | E4: ALL | F4: INCLUDE | G4: 30 | H4: 46023 | J4: TRUE
A5: MAP-004 | B5: MODULE | C5: SERVICE | D5: ALL | E5: ALL | F5: INCLUDE | G5: 40 | H5: 46023 | J5: TRUE
A6: MAP-005 | B6: MODULE | C6: RESOURCE | D6: ALL | E6: ALL | F6: INCLUDE | G6: 50 | H6: 46023 | J6: TRUE
A7: MAP-006 | B7: MODULE | C7: EVALUATION | D7: ALL | E7: ALL | F7: INCLUDE | G7: 60 | H7: 46023 | J7: TRUE
A8: MAP-007 | B8: MODULE | C8: PROCUREMENT | D8: UNIT | E8: BAG_UK | F8: INCLUDE | G8: 70 | H8: 46023 | J8: TRUE
A9: MAP-008 | B9: MODULE | C9: PIM | D9: UNIT_TYPE | E9: LEADERSHIP | F9: INCLUDE | G9: 100 | H9: 46023 | J9: TRUE
A10: MAP-009 | B10: MODULE | C10: REN | D10: UNIT | E10: BAG_AKPK | F10: INCLUDE | G10: 110 | H10: 46023 | J10: TRUE
A11: MAP-010 | B11: MODULE | C11: KEU | D11: UNIT | E11: BAG_UK | F11: INCLUDE | G11: 120 | H11: 46023 | J11: TRUE
A12: MAP-011 | B12: MODULE | C12: SDM_SPEC | D12: UNIT | E12: BAG_UK | F12: INCLUDE | G12: 130 | H12: 46023 | J12: TRUE
A13: MAP-012 | B13: MODULE | C13: UMU | D13: UNIT | E13: BAG_UK | F13: INCLUDE | G13: 140 | H13: 46023 | J13: TRUE
... A26: MAP-025 | B26: MODULE | C26: SPI | D26: UNIT | E26: SPI | F26: INCLUDE | G26: 270 | H26: 46023 | J26: TRUE
A27: MAP-026 | B27: MODULE | C27: PROCUREMENT | D27: UNIT | E27: BAG_AKPK | F27: INCLUDE | G27: 71 | H27: 2026-01-01 | J27: TRUE
A28: MAP-027 | B28: MODULE | C28: PIM | D28: UNIT | E28: DIREKTORAT | F28: INCLUDE | G28: 101 | H28: 2026-01-01 | J28: TRUE

Sheet 19_SCORING_RULES
A1: rule_group | B1: rule_code | C1: numeric_value | D1: label | E1: criteria | F1: result_status | G1: risk_weight | H1: blocking_rule | I1: active
A2: MATURITY | B2: M0 | C2: 0 | D2: Belum diterapkan | E2: Persyaratan belum diterapkan dan bukti tidak tersedia. | F2: NC_MAJOR | H2: TRUE | I2: TRUE
A3: MATURITY | B3: M1 | C3: 1 | D3: Insidental | E3: Praktik dilakukan tidak konsisten dan belum terdokumentasi. | F3: NC_MINOR | H3: FALSE | I3: TRUE
A4: MATURITY | B4: M2 | C4: 2 | D4: Ditetapkan parsial | E4: Proses telah ditetapkan tetapi penerapannya belum konsisten. | F4: OBSERVATION | H4: FALSE | I4: TRUE
A5: MATURITY | B5: M3 | C5: 3 | D5: Diterapkan | E5: Proses diterapkan konsisten dan didukung bukti memadai. | F5: CONFORMITY | H5: FALSE | I5: TRUE
A6: MATURITY | B6: M4 | C6: 4 | D6: Efektif dan diperbaiki | E6: Proses efektif, diukur, dievaluasi, dan ditingkatkan. | F6: CONFORMITY | H6: FALSE | I6: TRUE
A7: EVIDENCE | B7: E0 | C7: 0 | D7: Tidak ada | E7: Bukti tidak tersedia. | F7: NC_MAJOR | H7: TRUE | I7: TRUE
A8: EVIDENCE | B8: E1 | C8: 1 | D8: Lemah | E8: Bukti berupa pernyataan atau dokumen tidak memadai. | F8: NC_MINOR | H8: FALSE | I8: TRUE
A9: EVIDENCE | B9: E2 | C9: 2 | D9: Cukup | E9: Bukti valid dan relevan tetapi mewakili sebagian periode. | F9: OBSERVATION | H9: FALSE | I9: TRUE
A10: EVIDENCE | B10: E3 | C10: 3 | D10: Kuat | E10: Bukti valid, lengkap, mutakhir, dan dapat ditelusuri. | F10: CONFORMITY | H10: FALSE | I10: TRUE
A11: RISK | B11: LOW | C11: 1 | D11: Rendah | E11: Dampak terbatas dan mudah dipulihkan. | G11: 1 | H11: FALSE | I11: TRUE
A12: RISK | B12: MEDIUM | C12: 2 | D12: Sedang | E12: Dampak terhadap layanan atau kepatuhan membutuhkan pengendalian. | G12: 2 | H12: FALSE | I12: TRUE
A13: RISK | B13: HIGH | C13: 3 | D13: Tinggi | E13: Dampak signifikan pada kepatuhan, keuangan, keselamatan, data, atau layanan. | G13: 3 | H13: FALSE | I13: TRUE
A14: STATUS | B14: C | D14: Sesuai | E14: Persyaratan terpenuhi dan bukti memadai. | F14: CONFORMITY | H14: FALSE | I14: TRUE
A15: STATUS | B15: OFI | D15: Peluang Perbaikan | E15: Tidak terdapat ketidaksesuaian, tetapi efektivitas dapat ditingkatkan. | F15: OFI | H15: FALSE | I15: TRUE
A16: STATUS | B16: OBS | D16: Observasi | E16: Kondisi perlu dipantau karena berpotensi menjadi ketidaksesuaian. | F16: OBSERVATION | H16: FALSE | I16: TRUE
A17: STATUS | B17: NC_MINOR | D17: Ketidaksesuaian Minor | E17: Kegagalan terbatas atau penerapan tidak konsisten. | F17: NC_MINOR | H17: FALSE | I17: TRUE
A18: STATUS | B18: NC_MAJOR | D18: Ketidaksesuaian Mayor | E18: Kegagalan sistemik atau persyaratan utama tidak dijalankan. | F18: NC_MAJOR | H18: TRUE | I18: TRUE
A19: STATUS | B19: NA | D19: Tidak Berlaku | E19: Tidak berlaku dengan alasan dan persetujuan auditor. | F19: NA | H19: FALSE | I19: TRUE

Sheet 20_EVIDENCE_TYPES
A1: evidence_type_code | B1: evidence_type_name | C1: category | D1: allowed_extensions | E1: retention_years | F1: confidentiality_default | G1: required_metadata | H1: active
A2: POLICY | B2: Kebijakan/SK/Peraturan | C2: DOCUMENT | D2: pdf|docx | E2: 10 | F2: INTERNAL | G2: document_number|document_date|valid_from | H2: TRUE
A3: SOP | B3: SOP/Pedoman/Instruksi Kerja | C3: DOCUMENT | D3: pdf|docx | E3: 10 | F3: INTERNAL | G3: version|approval_date|valid_from | H3: TRUE
A4: RECORD | B4: Rekaman/Formulir Terisi | C4: RECORD | D4: pdf|xlsx|csv|jpg|png | E4: 5 | F4: INTERNAL | G4: record_period|owner_unit | H4: TRUE
A5: REPORT | B5: Laporan | C5: REPORT | D5: pdf|docx|xlsx | E5: 10 | F5: INTERNAL | G5: report_period|approval_status | H5: TRUE
A6: LOG | B6: Log Sistem/Transaksi | C6: SYSTEM | D6: csv|xlsx|pdf|txt | E6: 5 | F6: RESTRICTED | G6: system_name|period | H6: TRUE
A7: PHOTO | B7: Foto/Observasi | C7: MEDIA | D7: jpg|jpeg|png | E7: 5 | F7: INTERNAL | G7: capture_date|location | H7: TRUE
A8: MINUTES | B8: Notulen/Berita Acara | C8: RECORD | D8: pdf|docx | E8: 10 | F8: INTERNAL | G8: meeting_date|participants | H8: TRUE
A9: CONTRACT | B9: Kontrak/Perjanjian | C9: LEGAL | D9: pdf | E9: 10 | F9: RESTRICTED | G9: contract_number|valid_from|valid_to | H9: TRUE
A10: CERTIFICATE | B10: Sertifikat/Kalibrasi | C10: CERTIFICATE | D10: pdf|jpg|png | E10: 10 | F10: INTERNAL | G10: issuer|valid_from|valid_to | H10: TRUE
A11: LINK | B11: Tautan Sistem/Dashboard | C11: LINK | D11: url | E11: 3 | F11: INTERNAL | G11: url|access_note | H11: TRUE

Sheet 21_LOOKUPS
A1: lookup_key | B1: option_value | C1: option_label | D1: sort_order | E1: color_hint | F1: active
A2: SYSTEM_MODE | B2: DEVELOPMENT | C2: Pengembangan | D2: 1 | F2: TRUE
A3: SYSTEM_MODE | B3: PRODUCTION | C3: Produksi | D3: 2 | F3: TRUE
A4: STORAGE_MODE | B4: GOOGLE_DRIVE | C4: Google Drive | D4: 1 | F4: TRUE
A5: ACTIVE_STATUS | B5: ACTIVE | C5: Aktif | D5: 1 | F5: TRUE
A6: ACTIVE_STATUS | B6: INACTIVE | C6: Tidak Aktif | D6: 2 | F6: TRUE
A7: ACTIVE_STATUS | B7: SUSPENDED | C7: Ditangguhkan | D7: 3 | F7: TRUE
A8: RISK_LEVEL | B8: LOW | C8: Rendah | D8: 1 | F8: TRUE
A9: RISK_LEVEL | B9: MEDIUM | C9: Sedang | D9: 2 | F9: TRUE
A10: RISK_LEVEL | B10: HIGH | C10: Tinggi | D10: 3 | F10: TRUE
A11: AUDIT_TYPE | B11: REGULAR | C11: Audit Reguler | D11: 1 | F11: TRUE
A12: AUDIT_TYPE | B12: SPECIAL | C12: Audit Khusus | D12: 2 | F12: TRUE
A13: AUDIT_TYPE | B13: FOLLOW_UP | C13: Audit Tindak Lanjut | D13: 3 | F13: TRUE
... A84: LOG_RESULT | B84: DENIED | C84: Ditolak | D84: 3 | F84: TRUE
A85: MATURITY_SCORE | B85: 0 | C85: 0 - Belum diterapkan | D85: 1 | F85: TRUE
A86: MATURITY_SCORE | B86: 1 | C86: 1 - Insidental | D86: 2 | F86: TRUE
A87: MATURITY_SCORE | B87: 2 | C87: 2 - Ditetapkan parsial | D87: 3 | F87: TRUE
A88: MATURITY_SCORE | B88: 3 | C88: 3 - Diterapkan | D88: 4 | F88: TRUE
A89: MATURITY_SCORE | B89: 4 | C89: 4 - Efektif dan diperbaiki | D89: 5 | F89: TRUE
A90: AUDIT_STATUS | B90: DRAFT | C90: Draft Rencana | D90: 1 | F90: TRUE
A91: AUDIT_STATUS | B91: PLANNED | C91: Direncanakan | D91: 2 | F91: TRUE
A92: AUDIT_STATUS | B92: FILE_PREPARATION | C92: Persiapan File Audit | D92: 3 | F92: TRUE
A93: AUDIT_STATUS | B93: INSTRUMENT_REVIEW | C93: Telaah Instrumen | D93: 4 | F93: TRUE
A94: AUDIT_STATUS | B94: SELF_ASSESSMENT | C94: Penilaian Mandiri | D94: 5 | F94: TRUE
A95: AUDIT_STATUS | B95: DESK_REVIEW | C95: Desk Review | D95: 6 | F95: TRUE
A96: AUDIT_STATUS | B96: FIELD_AUDIT | C96: Audit Lapangan | D96: 7 | F96: TRUE
A97: AUDIT_STATUS | B97: REPORT_REVIEW | C97: Reviu Laporan | D97: 8 | F97: TRUE
A98: AUDIT_STATUS | B98: FOLLOW_UP | C98: Tindak Lanjut | D98: 9 | F98: TRUE
A99: AUDIT_STATUS | B99: CLOSED | C99: Ditutup | D99: 10 | F99: TRUE
A100: AUDIT_FILE_STATUS | B100: NOT_CREATED | C100: Belum Dibuat | D100: 1 | F100: TRUE
A101: AUDIT_FILE_STATUS | B101: CREATED | C101: Sudah Dibuat | D101: 2 | F101: TRUE
... A116: MAPPING_STATUS | B116: PENDING_INTERNAL_STANDARD | C116: Menunggu Standar Internal | D116: 3 | F116: TRUE

Sheet 22_NOTIFICATION_RULES
A1: rule_code | B1: trigger_event | C1: condition_rule | D1: recipient_rule | E1: channel | F1: subject_template | G1: message_template | H1: delay_minutes | I1: repeat_rule | J1: active
A2: NTF_AUDIT_PLANNED | B2: AUDIT_STATUS_CHANGED | C2: to_status=PLANNED | D2: AUDIT_TEAM|UNIT_HEAD | E2: EMAIL | F2: Program audit {audit_code} telah dijadwalkan | G2: Audit {audit_title} untuk {unit_name} dijadwalkan {planned_start}–{planned_end}. | H2: 0 | I2: NONE | J2: TRUE
A3: NTF_SELF_ASSESSMENT_OPEN | B3: AUDIT_STATUS_CHANGED | C3: to_status=SELF_ASSESSMENT | D3: AUDITEE|UNIT_HEAD | E3: EMAIL | F3: Penilaian mandiri dibuka | G3: Silakan mengisi penilaian mandiri audit {audit_code} sebelum {due_date}. | H3: 0 | I3: DAILY_UNTIL_SUBMITTED | J3: TRUE
A4: NTF_SA_SUBMITTED | B4: SELF_ASSESSMENT_SUBMITTED | D4: UNIT_HEAD | E4: EMAIL | F4: Penilaian mandiri menunggu pengesahan | G4: Penilaian mandiri {audit_code} telah diajukan. | H4: 0 | I4: NONE | J4: TRUE
A5: NTF_FINDING_OPEN | B5: FINDING_STATUS_CHANGED | C5: to_status=OPEN | D5: FINDING_OWNER|UNIT_HEAD | E5: EMAIL | F5: Temuan {finding_code} diterbitkan | G5: Temuan {finding_code} memerlukan analisis akar masalah dan tindakan koreksi sebelum {due_date}. | H5: 0 | I5: WEEKLY_UNTIL_CAPA | J5: TRUE
A6: NTF_CAPA_REVIEW | B6: FINDING_STATUS_CHANGED | C6: to_status=CAPA_REVIEW | D6: LEAD_AUDITOR | E6: EMAIL | F6: CAPA menunggu reviu | G6: Rencana tindakan untuk {finding_code} telah diajukan. | H6: 0 | I6: NONE | J6: TRUE
A7: NTF_VERIFICATION_REQUEST | B7: FINDING_STATUS_CHANGED | C7: to_status=VERIFICATION | D7: VERIFIER | E7: EMAIL | F7: Permintaan verifikasi {finding_code} | G7: Tindakan koreksi telah dinyatakan selesai dan menunggu verifikasi. | H7: 0 | I7: NONE | J7: TRUE
A8: NTF_OVERDUE_ACTION | B8: SCHEDULED_DAILY | C8: today>target_date AND status not final | D8: ACTION_PIC|UNIT_HEAD|ADMIN_MUTU | E8: EMAIL | F8: Tindakan koreksi melewati target | G8: Tindakan {action_code} untuk {finding_code} telah melewati target {target_date}. | H8: 0 | I8: DAILY | J8: TRUE
A9: NTF_FINDING_CLOSED | B9: FINDING_STATUS_CHANGED | C9: to_status=CLOSED | D9: UNIT_HEAD|LEAD_AUDITOR|ADMIN_MUTU | E9: EMAIL | F9: Temuan {finding_code} ditutup | G9: Temuan telah diverifikasi efektif dan ditutup pada {closed_at}. | H9: 0 | I9: NONE | J9: TRUE
A10: NTF_AUDIT_FILE_CREATED | B10: AUDIT_FILE_CREATED | C10: file_status=CREATED | D10: ADMIN_MUTU|LEAD_AUDITOR | E10: IN_APP | F10: File audit {unit_name} {audit_year} telah dibuat | G10: Google Sheet {audit_file_name} serta folder EVIDENCE dan CETAK telah dibentuk. | H10: 0 | I10: NONE | J10: TRUE
A11: NTF_AUDIT_FILE_ACTIVE | B11: AUDIT_FILE_ACTIVATED | C11: file_status=ACTIVE | D11: AUDIT_TEAM | E11: IN_APP | F11: File audit siap digunakan | G11: File audit {audit_file_name} telah aktif. | H11: 0 | I11: NONE | J11: TRUE
A12: NTF_AUDIT_FILE_ARCHIVED | B12: AUDIT_FILE_STATUS_CHANGED | C12: file_status=ARCHIVED | D12: ADMIN_MUTU|UNIT_HEAD | E12: IN_APP | F12: File audit diarsipkan | G12: File audit {audit_file_name} telah ditutup dan diarsipkan. | H12: 0 | I12: NONE | J12: TRUE
A13: NTF_AUDIT_FILE_PREPARE | B13: AUDIT_STATUS_CHANGED | C13: to_status=FILE_PREPARATION | D13: SEKRETARIAT|ADMIN_MUTU | E13: IN_APP | F13: Siapkan file audit unit-tahun | G13: Program audit {audit_code} memerlukan file {unit_slug}_{audit_year}. | H13: 0 | I13: NONE | J13: TRUE
A14: NTF_INSTRUMENT_REVIEW | B14: INSTRUMENT_REVIEW_STARTED | C14: instrument_status=AUDITOR_REVIEW | D14: AUDIT_TEAM | E14: IN_APP | F14: Instrumen menunggu telaah auditor | G14: Periksa seluruh pertanyaan default pada audit {audit_code}. | H14: 0 | I14: DAILY_UNTIL_REVIEWED | J14: TRUE
A15: NTF_INSTRUMENT_APPROVAL_REQUEST | B15: INSTRUMENT_CHANGE_SUBMITTED | C15: instrument_status=PENDING_P4MP | D15: P4MP_VERIFIER | E15: IN_APP | F15: Perubahan instrumen menunggu persetujuan | G15: Perubahan instrumen audit {audit_code} harus ditelaah sebelum diterbitkan. | H15: 0 | I15: DAILY_UNTIL_DECIDED | J15: TRUE
A16: NTF_INSTRUMENT_APPROVED | B16: INSTRUMENT_APPROVED | C16: instrument_status=APPROVED | D16: LEAD_AUDITOR|ADMIN_MUTU | E16: IN_APP | F16: Perubahan instrumen disetujui | G16: Instrumen audit {audit_code} siap diterbitkan. | H16: 0 | I16: NONE | J16: TRUE
... A21: NTF_PRINT_FINAL | B21: PRINT_STATUS_CHANGED | C21: print_status=FINAL | D21: AUDIT_TEAM|UNIT_HEAD|ADMIN_MUTU | E21: IN_APP | F21: Dokumen audit final tersedia | G21: Dokumen {document_name} telah disahkan dan tersedia pada folder CETAK. | H21: 0 | I21: NONE | J21: TRUE

Sheet 23_SYSTEM_EVENTS
A1: event_code | B1: event_name | C1: entity_type | D1: write_log | E1: invalidate_cache_keys | F1: allowed_source | G1: description | H1: active
A2: SYSTEM_INITIALIZED | B2: Sistem diinisialisasi | C2: SYSTEM | D2: TRUE | E2: ALL | F2: ADMIN | G2: Menetapkan ID sistem dan memeriksa konfigurasi. | H2: TRUE
A3: MASTER_PUBLISHED | B3: Master dipublikasikan | C3: MASTER | D3: TRUE | E3: MASTER|QUESTION|UNIT | F3: ADMIN | G3: Mengaktifkan versi master. | H3: TRUE
A4: AUDIT_CREATED | B4: Audit dibuat | C4: AUDIT_PROGRAM | D4: TRUE | E4: AUDIT_LIST | F4: UI|API | G4: Membuat record audit dan kode tampilan. | H4: TRUE
A5: AUDIT_STATUS_CHANGED | B5: Status audit berubah | C5: AUDIT_PROGRAM | D5: TRUE | E5: AUDIT|DASHBOARD | F5: WORKFLOW | G5: Menjalankan validasi transisi dan notifikasi. | H5: TRUE
A6: EVIDENCE_UPLOADED | B6: Bukti diunggah | C6: EVIDENCE | D6: TRUE | E6: EVIDENCE | F6: UI|API | G6: Menyimpan file di folder EVIDENCE dan metadata pada tab 03_BUKTI file audit unit-tahun. | H6: TRUE
A7: FINDING_CREATED | B7: Temuan dibuat | C7: FINDING | D7: TRUE | E7: FINDING|DASHBOARD | F7: UI|API | G7: Membuat temuan dan nomor tampilan. | H7: TRUE
A8: CAPA_SUBMITTED | B8: CAPA diajukan | C8: CORRECTIVE_ACTION | D8: TRUE | E8: CAPA|FINDING | F8: WORKFLOW | G8: Mengirim rencana tindakan untuk reviu. | H8: TRUE
A9: VERIFICATION_COMPLETED | B9: Verifikasi selesai | C9: VERIFICATION | D9: TRUE | E9: CAPA|FINDING|DASHBOARD | F9: WORKFLOW | G9: Memperbarui efektivitas dan status temuan. | H9: TRUE
A10: SCHEDULED_DAILY | B10: Proses harian | C10: SYSTEM | D10: TRUE | E10: NOTIFICATION|DASHBOARD | F10: TRIGGER | G10: Memeriksa jatuh tempo, notifikasi, dan cache. | H10: TRUE
A11: AUDIT_FILE_CREATED | B11: File audit unit-tahun dibuat | C11: AUDIT_FILE | D11: TRUE | E11: AUDIT_FILE_REGISTRY | F11: WORKFLOW | G11: Membuat folder unit-tahun, Google Sheet transaksi, EVIDENCE, dan CETAK. | H11: TRUE
A12: AUDIT_FILE_ACTIVATED | B12: File audit diaktifkan | C12: AUDIT_FILE | D12: TRUE | E12: AUDIT_FILE_REGISTRY|DASHBOARD | F12: WORKFLOW | G12: Menyatakan struktur file audit siap digunakan. | H12: TRUE
A13: INSTRUMENT_GENERATED | B13: Instrumen audit dibentuk | C13: AUDIT_INSTRUMENT | D13: TRUE | E13: INSTRUMENT | F13: WORKFLOW | G13: Menyalin pertanyaan default ke tab 01_INSTRUMEN file audit. | H13: TRUE
... A20: USER_STATUS_CHANGED | B20: Status akun berubah | C20: USER_ACCOUNT | D20: TRUE | E20: USER | F20: ADMIN | G20: Mencatat aktivasi, nonaktivasi, atau penguncian akun. | H20: TRUE

Sheet 24_Q_REQUIREMENT_MAP
A1: map_id | B1: question_id | C1: question_code | D1: module_code | E1: internal_standard_code | F1: internal_standard_name | G1: permendiktisaintek_39_ref | H1: iso_clause | I1: mapping_status | J1: verified_by | K1: verified_at | L1: active
A2: {=IF('17_QUESTION_BANK'!A2:A251="","","MAP-"&TEXT(ROW('17_QUESTION_BANK'!A2:A251)-1,"0000"))} -> MAP-0001 | B2: {='17_QUESTION_BANK'!A2:A251} -> Q-0001 | C2: {='17_QUESTION_BANK'!B2:B251} -> U-GOV-01 | D2: {='17_QUESTION_BANK'!C2:C251} -> GOV | E2: {=IF(D2:D251="","",IFERROR(VLOOKUP(D2:D251,'28_INTERNAL_STANDARDS'!A2:N26,2,FALSE),""))} -> SI-GOV-01 | F2: {=IF(D2:D251="","",IFERROR(VLOOKUP(D2:D251,'28_INTERNAL_STANDARDS'!A2:N26,3,FALSE),""))} -> Standar Tata Kelola, Mandat, dan Akuntabilitas Unit | G2: {=IF(D2:D251="","",IFERROR(VLOOKUP(D2:D251,'28_INTERNAL_STANDARDS'!A2:N26,5,FALSE),""))} -> Pasal 31-34; Pasal 64; Pasal 65 ayat (4); Pasal 67-68 | H2: {='17_QUESTION_BANK'!F2:F251} -> 5.3 | I2: {=IF(B2:B251="","",IF((E2:E251<>"")*(G2:G251<>"")*(H2:H251<>""),"COMPLETE","REVIEW"))} -> COMPLETE | J2: {=IF(B2:B251="","","SYSTEM_MATRIX")} -> SYSTEM_MATRIX | K2: {=IF(B2:B251="","",DATE(2026,7,19))} -> 46222 | L2: {=IF(B2:B251="","",TRUE)} -> TRUE
A3: MAP-0002 | B3: Q-0002 | C3: U-GOV-02 | D3: GOV | E3: SI-GOV-01 | F3: Standar Tata Kelola, Mandat, dan Akuntabilitas Unit | G3: Pasal 31-34; Pasal 64; Pasal 65 ayat (4); Pasal 67-68 | H3: 5.3 | I3: COMPLETE | J3: SYSTEM_MATRIX | K3: 46222 | L3: TRUE
A4: MAP-0003 | B4: Q-0003 | C4: U-GOV-03 | D4: GOV | E4: SI-GOV-01 | F4: Standar Tata Kelola, Mandat, dan Akuntabilitas Unit | G4: Pasal 31-34; Pasal 64; Pasal 65 ayat (4); Pasal 67-68 | H4: 4.4 | I4: COMPLETE | J4: SYSTEM_MATRIX | K4: 46222 | L4: TRUE
A5: MAP-0004 | B5: Q-0004 | C5: U-GOV-04 | D5: GOV | E5: SI-GOV-01 | F5: Standar Tata Kelola, Mandat, dan Akuntabilitas Unit | G5: Pasal 31-34; Pasal 64; Pasal 65 ayat (4); Pasal 67-68 | H5: 4.4 | I5: COMPLETE | J5: SYSTEM_MATRIX | K5: 46222 | L5: TRUE
A6: MAP-0005 | B6: Q-0005 | C6: U-GOV-05 | D6: GOV | E6: SI-GOV-01 | F6: Standar Tata Kelola, Mandat, dan Akuntabilitas Unit | G6: Pasal 31-34; Pasal 64; Pasal 65 ayat (4); Pasal 67-68 | H6: 6.2 | I6: COMPLETE | J6: SYSTEM_MATRIX | K6: 46222 | L6: TRUE
A7: MAP-0006 | B7: Q-0006 | C7: U-GOV-06 | D7: GOV | E7: SI-GOV-01 | F7: Standar Tata Kelola, Mandat, dan Akuntabilitas Unit | G7: Pasal 31-34; Pasal 64; Pasal 65 ayat (4); Pasal 67-68 | H7: 6.2 | I7: COMPLETE | J7: SYSTEM_MATRIX | K7: 46222 | L7: TRUE
A8: MAP-0007 | B8: Q-0007 | C8: U-GOV-07 | D8: GOV | E8: SI-GOV-01 | F8: Standar Tata Kelola, Mandat, dan Akuntabilitas Unit | G8: Pasal 31-34; Pasal 64; Pasal 65 ayat (4); Pasal 67-68 | H8: 9.1.1 | I8: COMPLETE | J8: SYSTEM_MATRIX | K8: 46222 | L8: TRUE
A9: MAP-0008 | B9: Q-0008 | C9: U-GOV-08 | D9: GOV | E9: SI-GOV-01 | F9: Standar Tata Kelola, Mandat, dan Akuntabilitas Unit | G9: Pasal 31-34; Pasal 64; Pasal 65 ayat (4); Pasal 67-68 | H9: 9.1.3|10.2 | I9: COMPLETE | J9: SYSTEM_MATRIX | K9: 46222 | L9: TRUE
A10: MAP-0009 | B10: Q-0009 | C10: U-GOV-09 | D10: GOV | E10: SI-GOV-01 | F10: Standar Tata Kelola, Mandat, dan Akuntabilitas Unit | G10: Pasal 31-34; Pasal 64; Pasal 65 ayat (4); Pasal 67-68 | H10: 6.1 | I10: COMPLETE | J10: SYSTEM_MATRIX | K10: 46222 | L10: TRUE
A11: MAP-0010 | B11: Q-0010 | C11: U-GOV-10 | D11: GOV | E11: SI-GOV-01 | F11: Standar Tata Kelola, Mandat, dan Akuntabilitas Unit | G11: Pasal 31-34; Pasal 64; Pasal 65 ayat (4); Pasal 67-68 | H11: 4.1|4.2 | I11: COMPLETE | J11: SYSTEM_MATRIX | K11: 46222 | L11: TRUE
A12: MAP-0011 | B12: Q-0011 | C12: U-DOC-01 | D12: DOC | E12: SI-DOC-01 | F12: Standar Pengendalian Dokumen, Rekaman, dan Data | G12: Pasal 33 ayat (2) huruf c; Pasal 49; Pasal 66; Pasal 68 ayat (2) | H12: 7.5.1 | I12: COMPLETE | J12: SYSTEM_MATRIX | K12: 46222 | L12: TRUE
A13: MAP-0012 | B13: Q-0012 | C13: U-DOC-02 | D13: DOC | E13: SI-DOC-01 | F13: Standar Pengendalian Dokumen, Rekaman, dan Data | G13: Pasal 33 ayat (2) huruf c; Pasal 49; Pasal 66; Pasal 68 ayat (2) | H13: 7.5.2 | I13: COMPLETE | J13: SYSTEM_MATRIX | K13: 46222 | L13: TRUE
A14: MAP-0013 | B14: Q-0013 | C14: U-DOC-03 | D14: DOC | E14: SI-DOC-01 | F14: Standar Pengendalian Dokumen, Rekaman, dan Data | G14: Pasal 33 ayat (2) huruf c; Pasal 49; Pasal 66; Pasal 68 ayat (2) | H14: 7.5.3 | I14: COMPLETE | J14: SYSTEM_MATRIX | K14: 46222 | L14: TRUE
A15: MAP-0014 | B15: Q-0014 | C15: U-DOC-04 | D15: DOC | E15: SI-DOC-01 | F15: Standar Pengendalian Dokumen, Rekaman, dan Data | G15: Pasal 33 ayat (2) huruf c; Pasal 49; Pasal 66; Pasal 68 ayat (2) | H15: 7.5.3 | I15: COMPLETE | J15: SYSTEM_MATRIX | K15: 46222 | L15: TRUE
A16: MAP-0015 | B16: Q-0015 | C16: U-DOC-05 | D16: DOC | E16: SI-DOC-01 | F16: Standar Pengendalian Dokumen, Rekaman, dan Data | G16: Pasal 33 ayat (2) huruf c; Pasal 49; Pasal 66; Pasal 68 ayat (2) | H16: 7.5.3 | I16: COMPLETE | J16: SYSTEM_MATRIX | K16: 46222 | L16: TRUE
A17: MAP-0016 | B17: Q-0016 | C17: U-DOC-06 | D17: DOC | E17: SI-DOC-01 | F17: Standar Pengendalian Dokumen, Rekaman, dan Data | G17: Pasal 33 ayat (2) huruf c; Pasal 49; Pasal 66; Pasal 68 ayat (2) | H17: 7.5.3 | I17: COMPLETE | J17: SYSTEM_MATRIX | K17: 46222 | L17: TRUE
A18: MAP-0017 | B18: Q-0017 | C18: U-DOC-07 | D18: DOC | E18: SI-DOC-01 | F18: Standar Pengendalian Dokumen, Rekaman, dan Data | G18: Pasal 33 ayat (2) huruf c; Pasal 49; Pasal 66; Pasal 68 ayat (2) | H18: 7.5.3 | I18: COMPLETE | J18: SYSTEM_MATRIX | K18: 46222 | L18: TRUE
A19: MAP-0018 | B19: Q-0018 | C19: U-DOC-08 | D19: DOC | E19: SI-DOC-01 | F19: Standar Pengendalian Dokumen, Rekaman, dan Data | G19: Pasal 33 ayat (2) huruf c; Pasal 49; Pasal 66; Pasal 68 ayat (2) | H19: 7.5.3 | I19: COMPLETE | J19: SYSTEM_MATRIX | K19: 46222 | L19: TRUE
A20: MAP-0019 | B20: Q-0019 | C20: U-DOC-09 | D20: DOC | E20: SI-DOC-01 | F20: Standar Pengendalian Dokumen, Rekaman, dan Data | G20: Pasal 33 ayat (2) huruf c; Pasal 49; Pasal 66; Pasal 68 ayat (2) | H20: 7.5.3|8.5.3 | I20: COMPLETE | J20: SYSTEM_MATRIX | K20: 46222 | L20: TRUE
A21: MAP-0020 | B21: Q-0020 | C21: U-DOC-10 | D21: DOC | E21: SI-DOC-01 | F21: Standar Pengendalian Dokumen, Rekaman, dan Data | G21: Pasal 33 ayat (2) huruf c; Pasal 49; Pasal 66; Pasal 68 ayat (2) | H21: 7.1.3|7.5.3 | I21: COMPLETE | J21: SYSTEM_MATRIX | K21: 46222 | L21: TRUE
A22: MAP-0021 | B22: Q-0021 | C22: U-SDM-01 | D22: HR | E22: SI-HR-01 | F22: Standar Kecukupan, Kompetensi, dan Kesadaran Personel Unit | G22: Pasal 46-47; Pasal 65 ayat (4); Pasal 67 | H22: 7.1.2|7.2 | I22: COMPLETE | J22: SYSTEM_MATRIX | K22: 46222 | L22: TRUE
A23: MAP-0022 | B23: Q-0022 | C23: U-SDM-02 | D23: HR | E23: SI-HR-01 | F23: Standar Kecukupan, Kompetensi, dan Kesadaran Personel Unit | G23: Pasal 46-47; Pasal 65 ayat (4); Pasal 67 | H23: 5.3|7.2 | I23: COMPLETE | J23: SYSTEM_MATRIX | K23: 46222 | L23: TRUE
A24: MAP-0023 | B24: Q-0023 | C24: U-SDM-03 | D24: HR | E24: SI-HR-01 | F24: Standar Kecukupan, Kompetensi, dan Kesadaran Personel Unit | G24: Pasal 46-47; Pasal 65 ayat (4); Pasal 67 | H24: 7.2 | I24: COMPLETE | J24: SYSTEM_MATRIX | K24: 46222 | L24: TRUE
A25: MAP-0024 | B25: Q-0024 | C25: U-SDM-04 | D25: HR | E25: SI-HR-01 | F25: Standar Kecukupan, Kompetensi, dan Kesadaran Personel Unit | G25: Pasal 46-47; Pasal 65 ayat (4); Pasal 67 | H25: 7.2 | I25: COMPLETE | J25: SYSTEM_MATRIX | K25: 46222 | L25: TRUE
A26: MAP-0025 | B26: Q-0025 | C26: U-SDM-05 | D26: HR | E26: SI-HR-01 | F26: Standar Kecukupan, Kompetensi, dan Kesadaran Personel Unit | G26: Pasal 46-47; Pasal 65 ayat (4); Pasal 67 | H26: 7.2 | I26: COMPLETE | J26: SYSTEM_MATRIX | K26: 46222 | L26: TRUE
A27: MAP-0026 | B27: Q-0026 | C27: U-SDM-06 | D27: HR | E27: SI-HR-01 | F27: Standar Kecukupan, Kompetensi, dan Kesadaran Personel Unit | G27: Pasal 46-47; Pasal 65 ayat (4); Pasal 67 | H27: 7.2 | I27: COMPLETE | J27: SYSTEM_MATRIX | K27: 46222 | L27: TRUE
A28: MAP-0027 | B28: Q-0027 | C28: U-SDM-07 | D28: HR | E28: SI-HR-01 | F28: Standar Kecukupan, Kompetensi, dan Kesadaran Personel Unit | G28: Pasal 46-47; Pasal 65 ayat (4); Pasal 67 | H28: 7.3 | I28: COMPLETE | J28: SYSTEM_MATRIX | K28: 46222 | L28: TRUE
A29: MAP-0028 | B29: Q-0028 | C29: U-SDM-08 | D29: HR | E29: SI-HR-01 | F29: Standar Kecukupan, Kompetensi, dan Kesadaran Personel Unit | G29: Pasal 46-47; Pasal 65 ayat (4); Pasal 67 | H29: 5.3|7.1.2 | I29: COMPLETE | J29: SYSTEM_MATRIX | K29: 46222 | L29: TRUE
A30: MAP-0029 | B30: Q-0029 | C30: U-LYN-01 | D30: SERVICE | E30: SI-SRV-01 | F30: Standar Pengelolaan Layanan dan Kepuasan Pengguna | G30: Pasal 33 ayat (2) huruf a dan c; Pasal 65 ayat (4); Pasal 67 | H30: 4.2|5.1.2 | I30: COMPLETE | J30: SYSTEM_MATRIX | K30: 46222 | L30: TRUE
A31: MAP-0030 | B31: Q-0030 | C31: U-LYN-02 | D31: SERVICE | E31: SI-SRV-01 | F31: Standar Pengelolaan Layanan dan Kepuasan Pengguna | G31: Pasal 33 ayat (2) huruf a dan c; Pasal 65 ayat (4); Pasal 67 | H31: 8.2 | I31: COMPLETE | J31: SYSTEM_MATRIX | K31: 46222 | L31: TRUE
A32: MAP-0031 | B32: Q-0031 | C32: U-LYN-03 | D32: SERVICE | E32: SI-SRV-01 | F32: Standar Pengelolaan Layanan dan Kepuasan Pengguna | G32: Pasal 33 ayat (2) huruf a dan c; Pasal 65 ayat (4); Pasal 67 | H32: 8.1|8.5.1 | I32: COMPLETE | J32: SYSTEM_MATRIX | K32: 46222 | L32: TRUE
A33: MAP-0032 | B33: Q-0032 | C33: U-LYN-04 | D33: SERVICE | E33: SI-SRV-01 | F33: Standar Pengelolaan Layanan dan Kepuasan Pengguna | G33: Pasal 33 ayat (2) huruf a dan c; Pasal 65 ayat (4); Pasal 67 | H33: 8.2 | I33: COMPLETE | J33: SYSTEM_MATRIX | K33: 46222 | L33: TRUE
A34: MAP-0033 | B34: Q-0033 | C34: U-LYN-05 | D34: SERVICE | E34: SI-SRV-01 | F34: Standar Pengelolaan Layanan dan Kepuasan Pengguna | G34: Pasal 33 ayat (2) huruf a dan c; Pasal 65 ayat (4); Pasal 67 | H34: 8.2|8.5.6 | I34: COMPLETE | J34: SYSTEM_MATRIX | K34: 46222 | L34: TRUE
A35: MAP-0034 | B35: Q-0034 | C35: U-LYN-06 | D35: SERVICE | E35: SI-SRV-01 | F35: Standar Pengelolaan Layanan dan Kepuasan Pengguna | G35: Pasal 33 ayat (2) huruf a dan c; Pasal 65 ayat (4); Pasal 67 | H35: 8.5.2 | I35: COMPLETE | J35: SYSTEM_MATRIX | K35: 46222 | L35: TRUE
A36: MAP-0035 | B36: Q-0035 | C36: U-LYN-07 | D36: SERVICE | E36: SI-SRV-01 | F36: Standar Pengelolaan Layanan dan Kepuasan Pengguna | G36: Pasal 33 ayat (2) huruf a dan c; Pasal 65 ayat (4); Pasal 67 | H36: 8.6 | I36: COMPLETE | J36: SYSTEM_MATRIX | K36: 46222 | L36: TRUE
A37: MAP-0036 | B37: Q-0036 | C37: U-LYN-08 | D37: SERVICE | E37: SI-SRV-01 | F37: Standar Pengelolaan Layanan dan Kepuasan Pengguna | G37: Pasal 33 ayat (2) huruf a dan c; Pasal 65 ayat (4); Pasal 67 | H37: 8.2|10.2 | I37: COMPLETE | J37: SYSTEM_MATRIX | K37: 46222 | L37: TRUE
A38: MAP-0037 | B38: Q-0037 | C38: U-LYN-09 | D38: SERVICE | E38: SI-SRV-01 | F38: Standar Pengelolaan Layanan dan Kepuasan Pengguna | G38: Pasal 33 ayat (2) huruf a dan c; Pasal 65 ayat (4); Pasal 67 | H38: 9.1.2 | I38: COMPLETE | J38: SYSTEM_MATRIX | K38: 46222 | L38: TRUE
A39: MAP-0038 | B39: Q-0038 | C39: U-LYN-10 | D39: SERVICE | E39: SI-SRV-01 | F39: Standar Pengelolaan Layanan dan Kepuasan Pengguna | G39: Pasal 33 ayat (2) huruf a dan c; Pasal 65 ayat (4); Pasal 67 | H39: 9.1.3|10.3 | I39: COMPLETE | J39: SYSTEM_MATRIX | K39: 46222 | L39: TRUE
A40: MAP-0039 | B40: Q-0039 | C40: U-SAR-01 | D40: RESOURCE | E40: SI-RES-01 | F40: Standar Sarana, Keselamatan, Lingkungan Kerja, dan Kontinuitas | G40: Pasal 48-50; Pasal 65 ayat (4); Pasal 67 | H40: 7.1.3 | I40: COMPLETE | J40: SYSTEM_MATRIX | K40: 46222 | L40: TRUE
A41: MAP-0040 | B41: Q-0040 | C41: U-SAR-02 | D41: RESOURCE | E41: SI-RES-01 | F41: Standar Sarana, Keselamatan, Lingkungan Kerja, dan Kontinuitas | G41: Pasal 48-50; Pasal 65 ayat (4); Pasal 67 | H41: 7.1.3 | I41: COMPLETE | J41: SYSTEM_MATRIX | K41: 46222 | L41: TRUE
A42: MAP-0041 | B42: Q-0041 | C42: U-SAR-03 | D42: RESOURCE | E42: SI-RES-01 | F42: Standar Sarana, Keselamatan, Lingkungan Kerja, dan Kontinuitas | G42: Pasal 48-50; Pasal 65 ayat (4); Pasal 67 | H42: 7.1.3|8.5.2 | I42: COMPLETE | J42: SYSTEM_MATRIX | K42: 46222 | L42: TRUE
A43: MAP-0042 | B43: Q-0042 | C43: U-SAR-04 | D43: RESOURCE | E43: SI-RES-01 | F43: Standar Sarana, Keselamatan, Lingkungan Kerja, dan Kontinuitas | G43: Pasal 48-50; Pasal 65 ayat (4); Pasal 67 | H43: 7.1.3 | I43: COMPLETE | J43: SYSTEM_MATRIX | K43: 46222 | L43: TRUE
A44: MAP-0043 | B44: Q-0043 | C44: U-SAR-05 | D44: RESOURCE | E44: SI-RES-01 | F44: Standar Sarana, Keselamatan, Lingkungan Kerja, dan Kontinuitas | G44: Pasal 48-50; Pasal 65 ayat (4); Pasal 67 | H44: 7.1.3|9.1.3 | I44: COMPLETE | J44: SYSTEM_MATRIX | K44: 46222 | L44: TRUE
A45: MAP-0044 | B45: Q-0044 | C45: U-SAR-06 | D45: RESOURCE | E45: SI-RES-01 | F45: Standar Sarana, Keselamatan, Lingkungan Kerja, dan Kontinuitas | G45: Pasal 48-50; Pasal 65 ayat (4); Pasal 67 | H45: 7.1.5 | I45: COMPLETE | J45: SYSTEM_MATRIX | K45: 46222 | L45: TRUE
A46: MAP-0045 | B46: Q-0045 | C46: U-SAR-07 | D46: RESOURCE | E46: SI-RES-01 | F46: Standar Sarana, Keselamatan, Lingkungan Kerja, dan Kontinuitas | G46: Pasal 48-50; Pasal 65 ayat (4); Pasal 67 | H46: 7.1.4 | I46: COMPLETE | J46: SYSTEM_MATRIX | K46: 46222 | L46: TRUE
A47: MAP-0046 | B47: Q-0046 | C47: U-SAR-08 | D47: RESOURCE | E47: SI-RES-01 | F47: Standar Sarana, Keselamatan, Lingkungan Kerja, dan Kontinuitas | G47: Pasal 48-50; Pasal 65 ayat (4); Pasal 67 | H47: 6.1|7.1.3|7.1.4 | I47: COMPLETE | J47: SYSTEM_MATRIX | K47: 46222 | L47: TRUE
A48: MAP-0047 | B48: Q-0047 | C48: U-PBJ-01 | D48: PROCUREMENT | E48: SI-PBJ-01 | F48: Standar Pengadaan dan Pengendalian Penyedia Eksternal | G48: Pasal 31; Pasal 48; Pasal 51; Pasal 67 | H48: 8.1|8.4 | I48: COMPLETE | J48: SYSTEM_MATRIX | K48: 46222 | L48: TRUE
A49: MAP-0048 | B49: Q-0048 | C49: U-PBJ-02 | D49: PROCUREMENT | E49: SI-PBJ-01 | F49: Standar Pengadaan dan Pengendalian Penyedia Eksternal | G49: Pasal 31; Pasal 48; Pasal 51; Pasal 67 | H49: 8.4 | I49: COMPLETE | J49: SYSTEM_MATRIX | K49: 46222 | L49: TRUE
A50: MAP-0049 | B50: Q-0049 | C50: U-PBJ-03 | D50: PROCUREMENT | E50: SI-PBJ-01 | F50: Standar Pengadaan dan Pengendalian Penyedia Eksternal | G50: Pasal 31; Pasal 48; Pasal 51; Pasal 67 | H50: 8.4 | I50: COMPLETE | J50: SYSTEM_MATRIX | K50: 46222 | L50: TRUE
A51: MAP-0050 | B51: Q-0050 | C51: U-PBJ-04 | D51: PROCUREMENT | E51: SI-PBJ-01 | F51: Standar Pengadaan dan Pengendalian Penyedia Eksternal | G51: Pasal 31; Pasal 48; Pasal 51; Pasal 67 | H51: 8.4|8.6 | I51: COMPLETE | J51: SYSTEM_MATRIX | K51: 46222 | L51: TRUE
A52: MAP-0051 | B52: Q-0051 | C52: U-PBJ-05 | D52: PROCUREMENT | E52: SI-PBJ-01 | F52: Standar Pengadaan dan Pengendalian Penyedia Eksternal | G52: Pasal 31; Pasal 48; Pasal 51; Pasal 67 | H52: 8.4|9.1.3 | I52: COMPLETE | J52: SYSTEM_MATRIX | K52: 46222 | L52: TRUE
A53: MAP-0052 | B53: Q-0052 | C53: U-PBJ-06 | D53: PROCUREMENT | E53: SI-PBJ-01 | F53: Standar Pengadaan dan Pengendalian Penyedia Eksternal | G53: Pasal 31; Pasal 48; Pasal 51; Pasal 67 | H53: 8.4 | I53: COMPLETE | J53: SYSTEM_MATRIX | K53: 46222 | L53: TRUE
A54: MAP-0053 | B54: Q-0053 | C54: U-EVL-01 | D54: EVALUATION | E54: SI-EVL-01 | F54: Standar Pengukuran, Evaluasi, Ketidaksesuaian, dan Perbaikan | G54: Pasal 65-68 | H54: 9.1.1 | I54: COMPLETE | J54: SYSTEM_MATRIX | K54: 46222 | L54: TRUE
A55: MAP-0054 | B55: Q-0054 | C55: U-EVL-02 | D55: EVALUATION | E55: SI-EVL-01 | F55: Standar Pengukuran, Evaluasi, Ketidaksesuaian, dan Perbaikan | G55: Pasal 65-68 | H55: 9.1.1 | I55: COMPLETE | J55: SYSTEM_MATRIX | K55: 46222 | L55: TRUE
A56: MAP-0055 | B56: Q-0055 | C56: U-EVL-03 | D56: EVALUATION | E56: SI-EVL-01 | F56: Standar Pengukuran, Evaluasi, Ketidaksesuaian, dan Perbaikan | G56: Pasal 65-68 | H56: 9.1.1|9.1.3 | I56: COMPLETE | J56: SYSTEM_MATRIX | K56: 46222 | L56: TRUE
A57: MAP-0056 | B57: Q-0056 | C57: U-EVL-04 | D57: EVALUATION | E57: SI-EVL-01 | F57: Standar Pengukuran, Evaluasi, Ketidaksesuaian, dan Perbaikan | G57: Pasal 65-68 | H57: 8.7 | I57: COMPLETE | J57: SYSTEM_MATRIX | K57: 46222 | L57: TRUE
A58: MAP-0057 | B58: Q-0057 | C58: U-EVL-05 | D58: EVALUATION | E58: SI-EVL-01 | F58: Standar Pengukuran, Evaluasi, Ketidaksesuaian, dan Perbaikan | G58: Pasal 65-68 | H58: 10.2 | I58: COMPLETE | J58: SYSTEM_MATRIX | K58: 46222 | L58: TRUE
A59: MAP-0058 | B59: Q-0058 | C59: U-EVL-06 | D59: EVALUATION | E59: SI-EVL-01 | F59: Standar Pengukuran, Evaluasi, Ketidaksesuaian, dan Perbaikan | G59: Pasal 65-68 | H59: 10.2 | I59: COMPLETE | J59: SYSTEM_MATRIX | K59: 46222 | L59: TRUE
A60: MAP-0059 | B60: Q-0059 | C60: U-EVL-07 | D60: EVALUATION | E60: SI-EVL-01 | F60: Standar Pengukuran, Evaluasi, Ketidaksesuaian, dan Perbaikan | G60: Pasal 65-68 | H60: 10.2 | I60: COMPLETE | J60: SYSTEM_MATRIX | K60: 46222 | L60: TRUE
A61: MAP-0060 | B61: Q-0060 | C61: U-EVL-08 | D61: EVALUATION | E61: SI-EVL-01 | F61: Standar Pengukuran, Evaluasi, Ketidaksesuaian, dan Perbaikan | G61: Pasal 65-68 | H61: 9.2|10.2 | I61: COMPLETE | J61: SYSTEM_MATRIX | K61: 46222 | L61: TRUE
A62: MAP-0061 | B62: Q-0061 | C62: U-EVL-09 | D62: EVALUATION | E62: SI-EVL-01 | F62: Standar Pengukuran, Evaluasi, Ketidaksesuaian, dan Perbaikan | G62: Pasal 65-68 | H62: 9.1.3|10.3 | I62: COMPLETE | J62: SYSTEM_MATRIX | K62: 46222 | L62: TRUE
A63: MAP-0062 | B63: Q-0062 | C63: U-EVL-10 | D63: EVALUATION | E63: SI-EVL-01 | F63: Standar Pengukuran, Evaluasi, Ketidaksesuaian, dan Perbaikan | G63: Pasal 65-68 | H63: 10.3 | I63: COMPLETE | J63: SYSTEM_MATRIX | K63: 46222 | L63: TRUE
A64: MAP-0063 | B64: Q-0063 | C64: PIM-01 | D64: PIM | E64: SI-PIM-01 | F64: Standar Kepemimpinan dan Tinjauan Manajemen | G64: Pasal 31-34; Pasal 64; Pasal 67-68 | H64: 5.1.1|5.2 | I64: COMPLETE | J64: SYSTEM_MATRIX | K64: 46222 | L64: TRUE
A65: MAP-0064 | B65: Q-0064 | C65: PIM-02 | D65: PIM | E65: SI-PIM-01 | F65: Standar Kepemimpinan dan Tinjauan Manajemen | G65: Pasal 31-34; Pasal 64; Pasal 67-68 | H65: 6.2 | I65: COMPLETE | J65: SYSTEM_MATRIX | K65: 46222 | L65: TRUE
A66: MAP-0065 | B66: Q-0065 | C66: PIM-03 | D66: PIM | E66: SI-PIM-01 | F66: Standar Kepemimpinan dan Tinjauan Manajemen | G66: Pasal 31-34; Pasal 64; Pasal 67-68 | H66: 7.1.1 | I66: COMPLETE | J66: SYSTEM_MATRIX | K66: 46222 | L66: TRUE
A67: MAP-0066 | B67: Q-0066 | C67: PIM-04 | D67: PIM | E67: SI-PIM-01 | F67: Standar Kepemimpinan dan Tinjauan Manajemen | G67: Pasal 31-34; Pasal 64; Pasal 67-68 | H67: 9.3 | I67: COMPLETE | J67: SYSTEM_MATRIX | K67: 46222 | L67: TRUE
A68: MAP-0067 | B68: Q-0067 | C68: PIM-05 | D68: PIM | E68: SI-PIM-01 | F68: Standar Kepemimpinan dan Tinjauan Manajemen | G68: Pasal 31-34; Pasal 64; Pasal 67-68 | H68: 9.3 | I68: COMPLETE | J68: SYSTEM_MATRIX | K68: 46222 | L68: TRUE
A69: MAP-0068 | B69: Q-0068 | C69: PIM-06 | D69: PIM | E69: SI-PIM-01 | F69: Standar Kepemimpinan dan Tinjauan Manajemen | G69: Pasal 31-34; Pasal 64; Pasal 67-68 | H69: 9.3|10.3 | I69: COMPLETE | J69: SYSTEM_MATRIX | K69: 46222 | L69: TRUE
A70: MAP-0069 | B70: Q-0069 | C70: PIM-07 | D70: PIM | E70: SI-PIM-01 | F70: Standar Kepemimpinan dan Tinjauan Manajemen | G70: Pasal 31-34; Pasal 64; Pasal 67-68 | H70: 7.1.4|9.1 | I70: COMPLETE | J70: SYSTEM_MATRIX | K70: 46222 | L70: TRUE
A71: MAP-0070 | B71: Q-0070 | C71: PIM-08 | D71: PIM | E71: SI-PIM-01 | F71: Standar Kepemimpinan dan Tinjauan Manajemen | G71: Pasal 31-34; Pasal 64; Pasal 67-68 | H71: 6.3 | I71: COMPLETE | J71: SYSTEM_MATRIX | K71: 46222 | L71: TRUE
A72: MAP-0071 | B72: Q-0071 | C72: REN-01 | D72: REN | E72: SI-REN-01 | F72: Standar Perencanaan, Program, Anggaran, dan Evaluasi Kinerja | G72: Pasal 31-32; Pasal 51 ayat (4); Pasal 67-68 | H72: 6.2 | I72: COMPLETE | J72: SYSTEM_MATRIX | K72: 46222 | L72: TRUE
A73: MAP-0072 | B73: Q-0072 | C73: REN-02 | D73: REN | E73: SI-REN-01 | F73: Standar Perencanaan, Program, Anggaran, dan Evaluasi Kinerja | G73: Pasal 31-32; Pasal 51 ayat (4); Pasal 67-68 | H73: 6.2 | I73: COMPLETE | J73: SYSTEM_MATRIX | K73: 46222 | L73: TRUE
A74: MAP-0073 | B74: Q-0073 | C74: REN-03 | D74: REN | E74: SI-REN-01 | F74: Standar Perencanaan, Program, Anggaran, dan Evaluasi Kinerja | G74: Pasal 31-32; Pasal 51 ayat (4); Pasal 67-68 | H74: 9.1.1 | I74: COMPLETE | J74: SYSTEM_MATRIX | K74: 46222 | L74: TRUE
A75: MAP-0074 | B75: Q-0074 | C75: REN-04 | D75: REN | E75: SI-REN-01 | F75: Standar Perencanaan, Program, Anggaran, dan Evaluasi Kinerja | G75: Pasal 31-32; Pasal 51 ayat (4); Pasal 67-68 | H75: 8.1 | I75: COMPLETE | J75: SYSTEM_MATRIX | K75: 46222 | L75: TRUE
A76: MAP-0075 | B76: Q-0075 | C76: REN-05 | D76: REN | E76: SI-REN-01 | F76: Standar Perencanaan, Program, Anggaran, dan Evaluasi Kinerja | G76: Pasal 31-32; Pasal 51 ayat (4); Pasal 67-68 | H76: 6.3|8.5.6 | I76: COMPLETE | J76: SYSTEM_MATRIX | K76: 46222 | L76: TRUE
A77: MAP-0076 | B77: Q-0076 | C77: REN-06 | D77: REN | E77: SI-REN-01 | F77: Standar Perencanaan, Program, Anggaran, dan Evaluasi Kinerja | G77: Pasal 31-32; Pasal 51 ayat (4); Pasal 67-68 | H77: 9.1.1 | I77: COMPLETE | J77: SYSTEM_MATRIX | K77: 46222 | L77: TRUE
A78: MAP-0077 | B78: Q-0077 | C78: REN-07 | D78: REN | E78: SI-REN-01 | F78: Standar Perencanaan, Program, Anggaran, dan Evaluasi Kinerja | G78: Pasal 31-32; Pasal 51 ayat (4); Pasal 67-68 | H78: 9.1.3 | I78: COMPLETE | J78: SYSTEM_MATRIX | K78: 46222 | L78: TRUE
A79: MAP-0078 | B79: Q-0078 | C79: REN-08 | D79: REN | E79: SI-REN-01 | F79: Standar Perencanaan, Program, Anggaran, dan Evaluasi Kinerja | G79: Pasal 31-32; Pasal 51 ayat (4); Pasal 67-68 | H79: 10.3 | I79: COMPLETE | J79: SYSTEM_MATRIX | K79: 46222 | L79: TRUE
A80: MAP-0079 | B80: Q-0079 | C80: KEU-01 | D80: KEU | E80: SI-KEU-01 | F80: Standar Pengelolaan Keuangan | G80: Pasal 51; Pasal 65 ayat (4); Pasal 67 | H80: 8.1 | I80: COMPLETE | J80: SYSTEM_MATRIX | K80: 46222 | L80: TRUE
A81: MAP-0080 | B81: Q-0080 | C81: KEU-02 | D81: KEU | E81: SI-KEU-01 | F81: Standar Pengelolaan Keuangan | G81: Pasal 51; Pasal 65 ayat (4); Pasal 67 | H81: 5.3|8.1 | I81: COMPLETE | J81: SYSTEM_MATRIX | K81: 46222 | L81: TRUE
A82: MAP-0081 | B82: Q-0081 | C82: KEU-03 | D82: KEU | E82: SI-KEU-01 | F82: Standar Pengelolaan Keuangan | G82: Pasal 51; Pasal 65 ayat (4); Pasal 67 | H82: 7.5.3|8.5.2 | I82: COMPLETE | J82: SYSTEM_MATRIX | K82: 46222 | L82: TRUE
A83: MAP-0082 | B83: Q-0082 | C83: KEU-04 | D83: KEU | E83: SI-KEU-01 | F83: Standar Pengelolaan Keuangan | G83: Pasal 51; Pasal 65 ayat (4); Pasal 67 | H83: 8.6 | I83: COMPLETE | J83: SYSTEM_MATRIX | K83: 46222 | L83: TRUE
A84: MAP-0083 | B84: Q-0083 | C84: KEU-05 | D84: KEU | E84: SI-KEU-01 | F84: Standar Pengelolaan Keuangan | G84: Pasal 51; Pasal 65 ayat (4); Pasal 67 | H84: 9.1.1 | I84: COMPLETE | J84: SYSTEM_MATRIX | K84: 46222 | L84: TRUE
A85: MAP-0084 | B85: Q-0084 | C85: KEU-06 | D85: KEU | E85: SI-KEU-01 | F85: Standar Pengelolaan Keuangan | G85: Pasal 51; Pasal 65 ayat (4); Pasal 67 | H85: 8.5.1|9.1 | I85: COMPLETE | J85: SYSTEM_MATRIX | K85: 46222 | L85: TRUE
A86: MAP-0085 | B86: Q-0085 | C86: KEU-07 | D86: KEU | E86: SI-KEU-01 | F86: Standar Pengelolaan Keuangan | G86: Pasal 51; Pasal 65 ayat (4); Pasal 67 | H86: 8.1|7.5.3 | I86: COMPLETE | J86: SYSTEM_MATRIX | K86: 46222 | L86: TRUE
A87: MAP-0086 | B87: Q-0086 | C87: KEU-08 | D87: KEU | E87: SI-KEU-01 | F87: Standar Pengelolaan Keuangan | G87: Pasal 51; Pasal 65 ayat (4); Pasal 67 | H87: 8.1 | I87: COMPLETE | J87: SYSTEM_MATRIX | K87: 46222 | L87: TRUE
A88: MAP-0087 | B88: Q-0087 | C88: KEU-09 | D88: KEU | E88: SI-KEU-01 | F88: Standar Pengelolaan Keuangan | G88: Pasal 51; Pasal 65 ayat (4); Pasal 67 | H88: 7.5.3 | I88: COMPLETE | J88: SYSTEM_MATRIX | K88: 46222 | L88: TRUE
A89: MAP-0088 | B89: Q-0088 | C89: KEU-10 | D89: KEU | E89: SI-KEU-01 | F89: Standar Pengelolaan Keuangan | G89: Pasal 51; Pasal 65 ayat (4); Pasal 67 | H89: 8.6|9.1 | I89: COMPLETE | J89: SYSTEM_MATRIX | K89: 46222 | L89: TRUE
A90: MAP-0089 | B90: Q-0089 | C90: KEU-11 | D90: KEU | E90: SI-KEU-01 | F90: Standar Pengelolaan Keuangan | G90: Pasal 51; Pasal 65 ayat (4); Pasal 67 | H90: 8.5.6|7.5.3 | I90: COMPLETE | J90: SYSTEM_MATRIX | K90: 46222 | L90: TRUE
A91: MAP-0090 | B91: Q-0090 | C91: KEU-12 | D91: KEU | E91: SI-KEU-01 | F91: Standar Pengelolaan Keuangan | G91: Pasal 51; Pasal 65 ayat (4); Pasal 67 | H91: 10.2 | I91: COMPLETE | J91: SYSTEM_MATRIX | K91: 46222 | L91: TRUE
A92: MAP-0091 | B92: Q-0091 | C92: SDM-01 | D92: SDM_SPEC | E92: SI-SDM-01 | F92: Standar Pengelolaan Kepegawaian | G92: Pasal 46-47; Pasal 65 ayat (4); Pasal 67 | H92: 7.1.2 | I92: COMPLETE | J92: SYSTEM_MATRIX | K92: 46222 | L92: TRUE
A93: MAP-0092 | B93: Q-0092 | C93: SDM-02 | D93: SDM_SPEC | E93: SI-SDM-01 | F93: Standar Pengelolaan Kepegawaian | G93: Pasal 46-47; Pasal 65 ayat (4); Pasal 67 | H93: 7.5.3 | I93: COMPLETE | J93: SYSTEM_MATRIX | K93: 46222 | L93: TRUE
A94: MAP-0093 | B94: Q-0093 | C94: SDM-03 | D94: SDM_SPEC | E94: SI-SDM-01 | F94: Standar Pengelolaan Kepegawaian | G94: Pasal 46-47; Pasal 65 ayat (4); Pasal 67 | H94: 7.5.3|8.5.2 | I94: COMPLETE | J94: SYSTEM_MATRIX | K94: 46222 | L94: TRUE
A95: MAP-0094 | B95: Q-0094 | C95: SDM-04 | D95: SDM_SPEC | E95: SI-SDM-01 | F95: Standar Pengelolaan Kepegawaian | G95: Pasal 46-47; Pasal 65 ayat (4); Pasal 67 | H95: 9.1.1 | I95: COMPLETE | J95: SYSTEM_MATRIX | K95: 46222 | L95: TRUE
A96: MAP-0095 | B96: Q-0095 | C96: SDM-05 | D96: SDM_SPEC | E96: SI-SDM-01 | F96: Standar Pengelolaan Kepegawaian | G96: Pasal 46-47; Pasal 65 ayat (4); Pasal 67 | H96: 8.5.1|10.2 | I96: COMPLETE | J96: SYSTEM_MATRIX | K96: 46222 | L96: TRUE
A97: MAP-0096 | B97: Q-0096 | C97: SDM-06 | D97: SDM_SPEC | E97: SI-SDM-01 | F97: Standar Pengelolaan Kepegawaian | G97: Pasal 46-47; Pasal 65 ayat (4); Pasal 67 | H97: 7.2 | I97: COMPLETE | J97: SYSTEM_MATRIX | K97: 46222 | L97: TRUE
A98: MAP-0097 | B98: Q-0097 | C98: SDM-07 | D98: SDM_SPEC | E98: SI-SDM-01 | F98: Standar Pengelolaan Kepegawaian | G98: Pasal 46-47; Pasal 65 ayat (4); Pasal 67 | H98: 7.2 | I98: COMPLETE | J98: SYSTEM_MATRIX | K98: 46222 | L98: TRUE
A99: MAP-0098 | B99: Q-0098 | C99: SDM-08 | D99: SDM_SPEC | E99: SI-SDM-01 | F99: Standar Pengelolaan Kepegawaian | G99: Pasal 46-47; Pasal 65 ayat (4); Pasal 67 | H99: 7.1.2 | I99: COMPLETE | J99: SYSTEM_MATRIX | K99: 46222 | L99: TRUE
A100: MAP-0099 | B100: Q-0099 | C100: SDM-09 | D100: SDM_SPEC | E100: SI-SDM-01 | F100: Standar Pengelolaan Kepegawaian | G100: Pasal 46-47; Pasal 65 ayat (4); Pasal 67 | H100: 7.5.3|8.5.3 | I100: COMPLETE | J100: SYSTEM_MATRIX | K100: 46222 | L100: TRUE
...

Sheet 25_PRINT_TEMPLATES
A1: print_code | B1: document_name | C1: source_sheets | D1: output_pattern | E1: output_format | F1: approval_required | G1: target_subfolder | H1: versioned | I1: display_order | J1: active
A2: PRT-INSTRUMENT | B2: Instrumen Audit | C2: 00_IDENTITAS|01_INSTRUMEN | D2: Instrumen_{unit_slug}_{audit_year}_v{version}.pdf | E2: PDF | F2: TRUE | G2: CETAK | H2: TRUE | I2: 10 | J2: TRUE
A3: PRT-OPENING | B3: Berita Acara Pembukaan | C3: 00_IDENTITAS | D3: BA_Pembukaan_{unit_slug}_{audit_year}_v{version}.pdf | E3: PDF | F3: TRUE | G3: CETAK | H3: TRUE | I3: 20 | J3: TRUE
A4: PRT-FINDING | B4: Daftar Temuan | C4: 00_IDENTITAS|05_TEMUAN | D4: Daftar_Temuan_{unit_slug}_{audit_year}_v{version}.pdf | E4: PDF | F4: TRUE | G4: CETAK | H4: TRUE | I4: 30 | J4: TRUE
A5: PRT-REPORT | B5: Laporan Hasil Audit | C5: 00_IDENTITAS|10_REKAP|05_TEMUAN | D5: Laporan_Audit_{unit_slug}_{audit_year}_v{version}.pdf | E5: PDF | F5: TRUE | G5: CETAK | H5: TRUE | I5: 40 | J5: TRUE
A6: PRT-FOLLOWUP | B6: Rencana Tindak Lanjut | C6: 05_TEMUAN|06_TINDAK_LANJUT | D6: Tindak_Lanjut_{unit_slug}_{audit_year}_v{version}.pdf | E6: PDF | F6: TRUE | G6: CETAK | H6: TRUE | I6: 50 | J6: TRUE
A7: PRT-VERIFICATION | B7: Laporan Verifikasi | C7: 05_TEMUAN|06_TINDAK_LANJUT|07_VERIFIKASI | D7: Verifikasi_{unit_slug}_{audit_year}_v{version}.pdf | E7: PDF | F7: TRUE | G7: CETAK | H7: TRUE | I7: 60 | J7: TRUE
A8: PRT-CLOSING | B8: Berita Acara Penutupan | C8: 00_IDENTITAS|10_REKAP | D8: BA_Penutupan_{unit_slug}_{audit_year}_v{version}.pdf | E8: PDF | F8: TRUE | G8: CETAK | H8: TRUE | I8: 70 | J8: TRUE

Sheet 26_FOLDER_RULES
A1: rule_code | B1: object_type | C1: parent_rule | D1: name_pattern | E1: contains | F1: created_when | G1: required | H1: display_order | I1: active | J1: notes
A2: FLD-ROOT | B2: FOLDER | D2: SAMI_NONAK_POLBENG | E2: YEAR_FOLDER | F2: INSTALLATION | G2: TRUE | H2: 10 | I2: TRUE | J2: Folder induk seluruh audit
A3: FLD-YEAR | B3: FOLDER | C3: FLD-ROOT | D3: {audit_year} | E3: UNIT_AUDIT_FOLDER | F3: FIRST_AUDIT_IN_YEAR | G3: TRUE | H3: 20 | I3: TRUE | J3: Satu folder per tahun audit
A4: FLD-UNIT-AUDIT | B4: FOLDER | C4: FLD-YEAR | D4: {unit_slug}_{audit_year} | E4: AUDIT_SHEET|EVIDENCE_FOLDER|PRINT_FOLDER | F4: AUDIT_PROGRAM_APPROVED | G4: TRUE | H4: 30 | I4: TRUE | J4: Folder audit khusus satu unit dan satu tahun
A5: FILE-AUDIT | B5: SPREADSHEET | C5: FLD-UNIT-AUDIT | D5: {unit_slug}_{audit_year} | E5: AUDIT_TABS | F5: AUDIT_PROGRAM_APPROVED | G5: TRUE | H5: 40 | I5: TRUE | J5: Seluruh transaksi auditee dan auditor disimpan di file ini
